address,e,m,x,dbr,direct_page,bytes,instruction,processor_cycles,active_master_clocks,natural_first_nmi
0F:8000,0,1,0,interrupted,interrupted,c234,REP #$34,3,22,1
0F:8002,0,0,0,interrupted,interrupted,48,PHA,4,26,1
0F:8003,0,0,0,interrupted,interrupted,da,PHX,4,26,1
0F:8004,0,0,0,interrupted,interrupted,5a,PHY,4,26,1
0F:8005,0,0,0,interrupted,interrupted,0b,PHD,4,26,1
0F:8006,0,0,0,interrupted,interrupted,8b,PHB,3,20,1
0F:8007,0,0,0,interrupted,interrupted,a90000,LDA #$0000,3,24,1
0F:800A,0,0,0,interrupted,interrupted,5b,TCD,2,14,1
0F:800B,0,0,0,interrupted,0000,4b,PHK,3,20,1
0F:800C,0,0,0,interrupted,0000,ab,PLB,4,26,1
0F:800D,0,0,0,0F,0000,a590,LDA $90,4,32,1
0F:800F,0,0,0,0F,0000,c94c00,CMP #$004C,3,24,1
0F:8012,0,0,0,0F,0000,d00b,BNE $0F:801F,2,16,1
0F:8014,0,0,0,0F,0000,6490,STZ $90,4,32,0
0F:8016,0,0,0,0F,0000,201aa2,JSR $A21A,6,42,0
0F:8019,0,0,0,0F,0000,a90200,LDA #$0002,3,24,0
0F:801C,0,0,0,0F,0000,8d2404,STA $0424,5,40,0
0F:801F,0,0,0,0F,0000,e220,SEP #$20,3,22,1
0F:8021,0,1,0,0F,0000,ad2404,LDA $0424,4,32,1
0F:8024,0,1,0,0F,0000,f008,BEQ $0F:802E,2,16,1
0F:8026,0,1,0,0F,0000,8d0b42,STA $420B,4,30,0
0F:8029,0,1,0,0F,0000,a900,LDA #$00,2,16,0
0F:802B,0,1,0,0F,0000,8d2404,STA $0424,4,32,0
0F:802E,0,1,0,0F,0000,a542,LDA $42,3,24,1
0F:8030,0,1,0,0F,0000,8d0021,STA $2100,4,30,1
0F:8033,0,1,0,0F,0000,ad1042,LDA $4210,4,30,1
0F:8036,0,1,0,0F,0000,e608,INC $08,5,38,1
0F:8038,0,1,0,0F,0000,ad1242,LDA $4212,4,30,1
0F:803B,0,1,0,0F,0000,2901,AND #$01,2,16,1
0F:803D,0,1,0,0F,0000,d0f9,BNE $0F:8038,2,16,1
0F:803F,0,1,0,0F,0000,c220,REP #$20,3,22,1
0F:8041,0,0,0,0F,0000,eefc1f,INC $1FFC,8,62,1
0F:8044,0,0,0,0F,0000,ae1842,LDX $4218,5,36,1
0F:8047,0,0,0,0F,0000,a50a,LDA $0A,4,32,1
0F:8049,0,0,0,0F,0000,860a,STX $0A,4,32,1
0F:804B,0,0,0,0F,0000,49ffff,EOR #$FFFF,3,24,1
0F:804E,0,0,0,0F,0000,050e,ORA $0E,4,32,1
0F:8050,0,0,0,0F,0000,250a,AND $0A,4,32,1
0F:8052,0,0,0,0F,0000,850e,STA $0E,4,32,1
0F:8054,0,0,0,0F,0000,ae1a42,LDX $421A,5,36,1
0F:8057,0,0,0,0F,0000,a50c,LDA $0C,4,32,1
0F:8059,0,0,0,0F,0000,860c,STX $0C,4,32,1
0F:805B,0,0,0,0F,0000,49ffff,EOR #$FFFF,3,24,1
0F:805E,0,0,0,0F,0000,0510,ORA $10,4,32,1
0F:8060,0,0,0,0F,0000,250c,AND $0C,4,32,1
0F:8062,0,0,0,0F,0000,8510,STA $10,4,32,1
0F:8064,0,0,0,0F,0000,c230,REP #$30,3,22,1
0F:8066,0,0,0,0F,0000,ab,PLB,4,26,1
0F:8067,0,0,0,interrupted,0000,2b,PLD,5,32,1
0F:8068,0,0,0,interrupted,interrupted,7a,PLY,5,32,1
0F:8069,0,0,0,interrupted,interrupted,fa,PLX,5,32,1
0F:806A,0,0,0,interrupted,interrupted,68,PLA,5,32,1
0F:806B,0,0,0,interrupted,interrupted,40,RTI,7,44,1
