frame,input,p0,p1,p2,p3,p1_speed,p1_lap,p1_place,p1_engine_value,p1_engine_gate,p2_engine_value,p2_engine_gate,flags_f5,flags_f6,event67,event69,event6d,event6f
5640,0140,05,03,00,04,0,0,19,0000,A7FF,0003,A7ED,20,00,00,00,00,00
5641,0140,05,0E,03,04,442,0,19,01B6,A7FE,0003,A7EC,00,00,00,00,00,00
5642,0140,05,03,B6,05,442,0,19,01B6,A7FE,0003,A7EC,00,00,00,00,00,00
5643,0140,05,0E,03,04,442,0,19,01B6,A7FE,0003,A7EC,00,00,00,00,00,00
5644,0140,05,03,EE,06,756,0,19,02EE,A7FD,0003,A7EB,00,00,00,00,00,00
5645,0140,05,0E,03,04,756,0,19,02EE,A7FD,0003,A7EB,00,00,00,00,00,00
5646,0140,05,03,EE,06,756,0,19,02EE,A7FD,0003,A7EB,00,00,00,00,00,00
5647,0140,05,0E,03,04,1038,0,19,0404,A7FC,0003,A7EA,00,00,00,00,00,00
5648,0140,05,03,04,08,1038,0,19,0404,A7FC,0003,A7EA,00,00,00,00,00,00
5649,0140,05,0E,03,04,1038,0,19,0404,A7FC,0003,A7EA,00,00,00,00,00,00
5650,0140,05,03,00,09,1291,0,19,0500,A7FB,0000,A7EA,00,00,00,00,00,00
5651,0140,05,0E,00,04,1291,0,19,0500,A7FB,0000,A7EA,00,00,00,00,00,00
5652,0140,05,03,00,09,1291,0,19,0500,A7FB,0000,A7EA,00,00,00,00,00,00
5653,0140,05,0E,03,04,1519,0,19,05E2,A7FA,0003,A7E9,00,00,00,00,00,00
5654,0140,05,03,E2,09,1519,0,19,05E2,A7FA,0003,A7E9,00,00,00,00,00,00
5655,0140,05,0E,03,04,1519,0,19,05E2,A7FA,0003,A7E9,00,00,00,00,00,00
5656,0140,05,03,AC,0A,1723,0,19,06AC,A7F9,0000,A7E9,00,00,00,00,00,00
5657,0040,05,0E,00,04,1723,0,19,06AC,A7F9,0000,A7E9,00,00,00,00,00,00
5658,0040,05,03,AC,0A,1723,0,19,06AC,A7F9,0000,A7E9,00,00,00,00,00,00
5659,0040,05,0E,03,04,1906,0,19,0762,A7F8,0003,A7E8,00,00,00,00,00,00
5660,0040,05,03,62,0B,1906,0,19,0762,A7F8,0003,A7E8,00,00,00,00,00,00
5661,0040,05,0E,03,04,1906,0,19,0762,A7F8,0003,A7E8,00,00,00,00,00,00
5662,0040,05,03,D6,09,1994,0,19,05D6,A7F7,0003,A7E7,00,00,00,00,00,00
5663,0040,05,0E,03,04,1994,0,19,05D6,A7F7,0003,A7E7,00,00,00,00,00,00
5664,0040,05,03,D6,09,1994,0,19,05D6,A7F7,0003,A7E7,00,00,00,00,00,00
5665,0040,05,0E,03,04,2079,0,19,0616,A7F6,0003,A7E6,00,00,00,00,00,00
5666,0040,05,03,16,0A,2079,0,19,0616,A7F6,0003,A7E6,00,00,00,00,00,00
5667,0040,05,0E,03,04,2162,0,19,0654,A7F5,0003,A7E5,00,00,00,00,00,00
5668,0040,05,03,54,0A,2162,0,19,0654,A7F5,0003,A7E5,00,00,00,00,00,00
5669,0040,05,0E,03,04,2243,0,19,0692,A7F4,0003,A7E4,00,00,00,00,00,00
5670,0040,05,03,92,0A,2243,0,19,0692,A7F4,0003,A7E4,00,00,00,00,00,00
5671,0040,05,0E,00,04,2321,0,19,06CC,A7F3,0000,A7E4,00,00,00,00,00,00
5672,0040,05,03,CC,0A,2321,0,19,06CC,A7F3,0000,A7E4,00,00,00,00,00,00
5673,0040,05,0E,00,04,2398,0,19,0706,A7F2,0000,A7E4,00,01,00,00,00,00
5674,0040,05,03,06,0B,2398,0,19,0706,A7F2,0000,A7E4,00,01,00,00,00,00
5675,0040,05,0E,03,04,2472,0,19,073E,A7F1,0003,A7E3,00,01,00,00,00,00
5676,0040,05,03,3E,0B,2472,0,19,073E,A7F1,0003,A7E3,00,01,00,00,00,00
5677,0040,05,0E,03,04,2544,0,19,0774,A7F0,0003,A7E2,00,01,00,00,00,00
5678,0040,05,03,74,0B,2544,0,19,0774,A7F0,0003,A7E2,00,01,00,00,00,00
5679,0040,05,0E,00,04,2615,0,19,07A8,A7EF,0000,A7E2,00,01,00,00,00,00
5680,0040,05,03,A8,0B,2615,0,19,07A8,A7EF,0000,A7E2,00,01,00,00,00,00
5681,0040,05,0E,00,04,2683,0,19,07DC,A7EE,0000,A7E2,00,01,00,00,00,00
5682,0040,05,03,DC,0B,2683,0,19,07DC,A7EE,0000,A7E2,00,01,00,00,00,00
5683,0040,05,0E,03,04,2749,0,19,080C,A7ED,0003,A7E1,00,01,00,00,00,00
5684,0040,05,03,0C,0C,2749,0,19,080C,A7ED,0003,A7E1,00,01,00,00,00,00
5685,0040,05,03,0C,0C,2813,0,19,083C,A7EC,0003,A7E0,00,01,00,00,00,00
5686,0240,05,0E,03,04,2813,0,19,083C,A7EC,0003,A7E0,00,01,00,00,00,00
5687,0240,05,03,6C,0C,2876,0,19,086C,A7EB,0000,A7E0,00,01,00,00,00,00
5688,0240,05,0E,00,04,2876,0,19,086C,A7EB,0000,A7E0,00,01,00,00,00,00
5689,0240,05,03,9A,0C,2937,0,19,089A,A7EA,0000,A7E0,00,01,00,00,00,00
5690,0240,05,0E,00,04,2937,0,19,089A,A7EA,0000,A7E0,00,01,00,00,00,00
5691,0240,05,03,C6,0C,2996,0,19,08C6,A7E9,0003,A7DF,00,01,00,00,00,00
5692,0240,05,0E,03,04,2996,0,19,08C6,A7E9,0003,A7DF,00,01,00,00,00,00
5693,0240,05,03,F2,0C,3054,0,19,08F2,A7E8,0000,A7DF,00,01,00,00,00,00
5694,0240,05,0E,00,04,3054,0,19,08F2,A7E8,0000,A7DF,00,01,00,00,00,00
5695,0240,05,03,1C,0D,3111,0,19,091C,A7E7,0003,A7DE,00,01,00,00,00,00
5696,0040,05,0E,03,04,3111,0,19,091C,A7E7,0003,A7DE,00,01,00,00,00,00
5697,0040,05,03,46,0D,3166,0,19,0946,A7E6,0000,A7DE,00,01,00,00,00,00
5698,0040,05,0E,00,04,3166,0,19,0946,A7E6,0000,A7DE,00,01,00,00,00,00
5699,0040,05,03,6E,0D,3219,0,19,096E,A7E5,0000,A7DE,00,01,00,00,00,00
5700,0040,05,0E,00,04,3219,0,19,096E,A7E5,0000,A7DE,00,01,00,00,00,00
5701,0040,05,03,94,0D,3271,0,19,0994,A7E4,0003,A7DD,00,01,00,00,00,00
5702,0040,05,0E,03,04,3271,0,19,0994,A7E4,0003,A7DD,00,01,00,00,00,00
5703,0040,05,03,F0,09,3357,0,19,05F0,A7E3,0003,A7DC,00,01,00,00,00,00
5704,0040,05,0E,03,04,3357,0,19,05F0,A7E3,0003,A7DC,00,01,00,00,00,00
5705,0140,05,03,16,0A,3442,0,19,0616,A7E2,0003,A7DB,00,01,00,00,00,00
5706,0140,05,0E,03,04,3442,0,19,0616,A7E2,0003,A7DB,00,01,00,00,00,00
5707,0140,05,03,3C,0A,3526,0,19,063C,A7E1,0000,A7DB,00,01,00,00,00,00
5709,0140,05,0E,00,04,3608,0,19,0662,A7E0,0000,A7DB,00,01,00,00,00,00
5710,0140,05,03,62,0A,3608,0,19,0662,A7E0,0000,A7DB,00,01,00,00,00,00
5711,0140,05,0E,03,04,3688,0,19,0686,A7DF,0003,A7DA,00,01,00,00,00,00
5712,0140,05,03,86,0A,3688,0,19,0686,A7DF,0003,A7DA,00,01,00,00,00,00
5713,0140,05,0E,00,04,3767,0,19,06AA,A7DE,0000,A7DA,00,01,00,00,00,00
5715,0140,05,03,CE,0A,3845,0,19,06CE,A7DD,0003,A7D9,00,01,00,00,00,00
5716,0140,05,0E,03,04,3845,0,19,06CE,A7DD,0003,A7D9,00,01,00,00,00,00
5717,0140,05,03,F0,0A,3921,0,19,06F0,A7DC,0000,A7D9,00,01,00,00,00,00
5718,0140,05,0E,00,04,3921,0,19,06F0,A7DC,0000,A7D9,00,01,00,00,00,00
5719,0140,05,03,12,0B,3996,0,19,0712,A7DB,0003,A7D8,00,01,00,00,00,00
5720,0140,05,0E,03,04,3996,0,19,0712,A7DB,0003,A7D8,00,01,00,00,00,00
5721,0140,05,03,34,0B,4070,0,19,0734,A7DA,0003,A7D7,00,01,00,00,00,00
5722,0140,05,0E,03,04,4070,0,19,0734,A7DA,0003,A7D7,00,01,00,00,00,00
5723,0140,05,03,54,0B,4142,0,19,0754,A7D9,0003,A7D6,00,01,00,00,00,00
5724,0140,05,0E,03,04,4142,0,19,0754,A7D9,0003,A7D6,00,01,00,00,00,00
5725,0140,05,03,54,0B,4142,0,19,0754,A7D9,0003,A7D6,00,01,00,00,00,00
5726,0140,05,0E,03,04,4200,0,19,0562,A7D8,0003,A7D5,00,01,00,00,00,00
5727,0140,05,03,62,09,4200,0,19,0562,A7D8,0003,A7D5,00,01,00,00,00,00
5728,0140,05,0E,03,04,4200,0,19,0562,A7D8,0003,A7D5,00,01,00,00,00,00
5729,0140,05,03,74,09,4257,0,19,0574,A7D7,0003,A7D4,00,01,00,00,00,00
5730,0140,05,0E,03,04,4257,0,19,0574,A7D7,0003,A7D4,00,01,00,00,00,00
5731,0140,05,03,74,09,4257,0,19,0574,A7D7,0003,A7D4,00,01,00,00,00,00
5732,0140,05,0E,00,04,4313,0,19,0586,A7D6,0000,A7D4,00,01,00,00,00,00
5733,0140,05,03,86,09,4313,0,19,0586,A7D6,0000,A7D4,00,01,00,00,00,00
5734,0140,05,0E,00,04,4313,0,19,0586,A7D6,0000,A7D4,00,01,00,00,00,00
5735,0140,05,03,98,09,4368,0,19,0598,A7D5,0000,A7D4,00,01,00,00,00,00
5736,0240,05,0E,00,04,4368,0,19,0598,A7D5,0000,A7D4,00,01,00,00,00,00
5737,0240,05,03,98,09,4368,0,19,0598,A7D5,0000,A7D4,00,01,00,00,00,00
5738,0240,05,0E,03,04,4422,0,19,05AA,A7D4,0003,A7D3,00,01,00,00,00,00
5739,0240,05,03,AA,09,4422,0,19,05AA,A7D4,0003,A7D3,00,01,00,00,00,00
5740,0240,05,0E,03,04,4422,0,19,05AA,A7D4,0003,A7D3,00,01,00,00,00,00
5741,0240,05,03,BC,09,4476,0,19,05BC,A7D3,0000,A7D3,00,01,00,00,00,00
5742,0240,05,0E,00,04,4476,0,19,05BC,A7D3,0000,A7D3,00,01,00,00,00,00
5743,0240,05,03,BC,09,4476,0,19,05BC,A7D3,0000,A7D3,00,01,00,00,00,00
5744,0240,05,0E,03,04,4529,0,19,05CE,A7D2,0003,A7D2,00,01,00,00,00,00
5745,0140,05,03,CE,09,4529,0,19,05CE,A7D2,0003,A7D2,00,01,00,00,00,00
5746,0140,05,0E,03,04,4529,0,19,05CE,A7D2,0003,A7D2,00,01,00,00,00,00
5747,0140,05,03,DE,09,4581,0,19,05DE,A7D1,0003,A7D1,00,01,00,00,00,00
5748,0140,05,0E,03,04,4581,0,19,05DE,A7D1,0003,A7D1,00,01,00,00,00,00
5749,0140,05,03,DE,09,4581,0,19,05DE,A7D1,0003,A7D1,00,01,00,00,00,00
5750,0140,05,0E,03,04,4633,0,19,05F0,A7D0,0003,A7D0,00,01,00,00,00,00
5751,0140,05,03,F0,09,4633,0,19,05F0,A7D0,0003,A7D0,00,01,00,00,00,00
5752,0140,05,0E,03,04,4633,0,19,05F0,A7D0,0003,A7D0,00,01,00,00,00,00
5753,0140,05,03,00,0A,4685,0,19,0600,A7CF,0003,A7CF,00,01,00,00,00,00
5754,0140,05,0E,03,04,4685,0,19,0600,A7CF,0003,A7CF,00,01,00,00,00,00
5755,0140,05,03,00,0A,4685,0,19,0600,A7CF,0003,A7CF,00,01,00,00,00,00
5756,0140,05,0E,00,04,4736,0,19,0612,A7CE,0000,A7CF,00,01,00,00,00,00
5757,0240,05,03,12,0A,4736,0,19,0612,A7CE,0000,A7CF,00,01,00,00,00,00
5758,0240,05,0E,00,04,4736,0,19,0612,A7CE,0000,A7CF,00,01,00,00,00,00
5759,0240,05,03,22,0A,4786,0,19,0622,A7CD,0000,A7CF,00,01,00,00,00,00
5760,0240,05,03,22,0A,4786,0,19,0622,A7CD,0000,A7CF,00,01,00,00,00,00
5761,0240,05,0E,00,04,4786,0,19,0622,A7CD,0000,A7CF,00,01,00,00,00,00
5762,0240,05,03,32,0A,4835,0,19,0632,A7CC,0003,A7CE,00,01,00,00,00,00
5763,0240,05,0E,03,04,4835,0,19,0632,A7CC,0003,A7CE,00,01,00,00,00,00
5764,0240,05,03,32,0A,4835,0,19,0632,A7CC,0003,A7CE,00,01,00,00,00,00
5765,0240,05,0E,00,04,4883,0,19,0642,A7CB,0000,A7CE,00,01,00,00,00,00
5766,0240,05,03,42,0A,4883,0,19,0642,A7CB,0000,A7CE,00,01,00,00,00,00
5767,0240,05,0E,00,04,4931,0,19,0650,A7CA,0000,A7CE,00,01,00,00,00,00
5768,0240,05,03,50,0A,4931,0,19,0650,A7CA,0000,A7CE,00,01,00,00,00,00
5769,0240,05,0E,00,04,4931,0,19,0650,A7CA,0000,A7CE,00,01,00,00,00,00
5770,0240,05,03,60,0A,4979,0,19,0660,A7C9,0003,A7CD,00,01,00,00,00,00
5771,0240,05,0E,03,04,4979,0,19,0660,A7C9,0003,A7CD,00,01,00,00,00,00
5772,0240,05,03,60,0A,4979,0,19,0660,A7C9,0003,A7CD,00,01,00,00,00,00
5773,0240,05,0E,00,04,5026,0,19,0670,A7C8,0000,A7CD,00,01,00,00,00,00
5774,0240,05,03,70,0A,5026,0,19,0670,A7C8,0000,A7CD,00,01,00,00,00,00
5775,0240,05,0E,00,04,5026,0,19,0670,A7C8,0000,A7CD,00,01,00,00,00,00
5776,0240,05,03,80,0A,5072,0,19,0680,A7C7,0000,A7CD,00,01,00,00,00,00
5777,0240,05,0E,00,04,5072,0,19,0680,A7C7,0000,A7CD,00,01,00,00,00,00
5778,0240,05,03,80,0A,5072,0,19,0680,A7C7,0000,A7CD,00,01,00,00,00,00
5779,0240,05,0E,03,04,5117,0,19,068E,A7C6,0003,A7CC,00,01,00,00,00,00
5780,0240,05,03,8E,0A,5117,0,19,068E,A7C6,0003,A7CC,00,01,00,00,00,00
5781,0240,05,0E,03,04,5117,0,19,068E,A7C6,0003,A7CC,00,01,00,00,00,00
5782,0240,05,03,9C,0A,5162,0,19,069C,A7C5,0000,A7CC,00,01,00,00,00,00
5784,0240,05,0E,00,04,5162,0,19,069C,A7C5,0000,A7CC,00,01,00,00,00,00
5785,0240,05,03,AC,0A,5207,0,19,06AC,A7C4,0003,A7CB,00,01,00,00,00,00
5786,0040,05,0E,03,04,5207,0,19,06AC,A7C4,0003,A7CB,00,01,00,00,00,00
5787,0040,05,03,AC,0A,5207,0,19,06AC,A7C4,0003,A7CB,00,01,00,00,00,00
5788,0040,05,0E,03,04,5251,0,19,06BA,A7C3,0003,A7CA,00,01,00,00,00,00
5789,0040,05,03,BA,0A,5251,0,19,06BA,A7C3,0003,A7CA,00,01,00,00,00,00
5790,0040,05,0E,03,04,5251,0,19,06BA,A7C3,0003,A7CA,00,01,00,00,00,00
5791,0040,05,03,C8,0A,5294,0,19,06C8,A7C2,0000,A7CA,00,01,00,00,00,00
5792,0040,05,0E,00,04,5294,0,19,06C8,A7C2,0000,A7CA,00,01,00,00,00,00
5793,0040,05,03,C8,0A,5294,0,19,06C8,A7C2,0000,A7CA,00,01,00,00,00,00
5794,0040,05,0E,00,04,5337,0,19,06D6,A7C1,0000,A7CA,00,01,00,00,00,00
5795,0040,05,03,D6,0A,5337,0,19,06D6,A7C1,0000,A7CA,00,01,00,00,00,00
5796,0040,05,0E,00,04,5337,0,19,06D6,A7C1,0000,A7CA,00,01,00,00,00,00
5797,0040,05,03,E4,0A,5379,0,19,06E4,A7C0,0003,A7C9,00,01,00,00,00,00
5798,0140,05,0E,03,04,5379,0,19,06E4,A7C0,0003,A7C9,00,01,00,00,00,00
5799,0140,05,03,E4,0A,5379,0,19,06E4,A7C0,0003,A7C9,00,01,00,00,00,00
5800,0140,05,0E,00,04,5420,0,19,06F2,A7BF,0000,A7C9,00,01,00,00,00,00
5801,0140,05,03,F2,0A,5420,0,19,06F2,A7BF,0000,A7C9,00,01,00,00,00,00
5802,0140,05,0E,00,04,5420,0,19,06F2,A7BF,0000,A7C9,00,01,00,00,00,00
5803,0140,05,03,00,0B,5462,0,19,0700,A7BE,0003,A7C8,00,01,00,00,00,00
5804,0140,05,0E,03,04,5462,0,19,0700,A7BE,0003,A7C8,00,01,00,00,00,00
5805,0140,05,03,00,0B,5462,0,19,0700,A7BE,0003,A7C8,00,01,00,00,00,00
5807,0140,05,0E,03,04,5503,0,19,070C,A7BD,0003,A7C7,00,01,00,00,00,00
5808,0140,05,03,0C,0B,5503,0,19,070C,A7BD,0003,A7C7,00,01,00,00,00,00
5809,0140,05,0E,00,04,5536,0,19,0510,A7BC,0000,A7C7,00,01,00,00,00,00
5810,0140,05,03,10,09,5536,0,19,0510,A7BC,0000,A7C7,00,01,00,00,00,00
5811,0140,05,0E,00,04,5536,0,19,0510,A7BC,0000,A7C7,00,01,00,00,00,00
5812,0140,05,03,18,09,5569,0,19,0518,A7BB,0000,A7C7,00,01,00,00,00,00
5813,0140,05,0E,00,04,5569,0,19,0518,A7BB,0000,A7C7,00,01,00,00,00,00
5814,0140,05,03,18,09,5569,0,19,0518,A7BB,0000,A7C7,00,01,00,00,00,00
5815,0140,05,0E,00,04,5601,0,19,0520,A7BA,0000,A7C7,00,01,00,00,00,00
5816,0040,05,03,20,09,5601,0,19,0520,A7BA,0000,A7C7,00,01,00,00,00,00
5817,0040,05,0E,00,04,5601,0,19,0520,A7BA,0000,A7C7,00,01,00,00,00,00
5818,0040,05,03,28,09,5633,0,19,0528,A7B9,0000,A7C7,00,01,00,00,00,00
5819,0040,05,0E,00,04,5633,0,19,0528,A7B9,0000,A7C7,00,01,00,00,00,00
5820,0040,05,03,28,09,5633,0,19,0528,A7B9,0000,A7C7,00,01,00,00,00,00
5821,0040,05,0E,00,04,5665,0,19,052E,A7B8,0000,A7C7,00,81,00,00,00,00
5822,0040,05,03,2E,09,5665,0,19,052E,A7B8,0000,A7C7,00,81,00,00,00,00
5823,0040,05,16,2E,09,5665,0,19,052E,A7B8,0000,A7C7,00,01,00,00,00,00
5824,0040,05,03,36,09,5697,0,19,0536,A7B7,0000,A7C7,00,01,00,00,00,00
5825,0040,05,0E,00,04,5697,0,19,0536,A7B7,0000,A7C7,00,01,00,00,00,00
5826,0040,05,03,36,09,5697,0,19,0536,A7B7,0000,A7C7,00,01,00,00,00,00
5827,0040,05,0E,03,04,5729,0,19,053E,A7B6,0003,A7C6,00,01,00,00,00,00
5828,0040,05,03,3E,09,5729,0,19,053E,A7B6,0003,A7C6,00,01,00,00,00,00
5829,0040,05,0E,03,04,5729,0,19,053E,A7B6,0003,A7C6,00,01,00,00,00,00
5830,0040,05,03,46,09,5760,0,19,0546,A7B5,0000,A7C6,00,01,00,00,00,00
5831,0040,05,0E,00,04,5760,0,19,0546,A7B5,0000,A7C6,00,01,00,00,00,00
5832,0040,05,03,46,09,5760,0,19,0546,A7B5,0000,A7C6,00,01,00,00,00,00
5833,0040,05,0E,03,04,5791,0,19,054C,A7B4,0003,A7C5,00,01,00,00,00,00
5834,0040,05,03,4C,09,5791,0,19,054C,A7B4,0003,A7C5,00,01,00,00,00,00
5835,0040,05,0E,03,04,5791,0,19,054C,A7B4,0003,A7C5,00,01,00,00,00,00
5836,0040,05,03,54,09,5821,0,19,0554,A7B3,0000,A7C5,00,01,00,00,00,00
5837,0040,05,0E,00,04,5821,0,19,0554,A7B3,0000,A7C5,00,01,00,00,00,00
5838,0040,05,03,54,09,5821,0,19,0554,A7B3,0000,A7C5,00,01,00,00,00,00
5839,0040,05,0E,00,04,5851,0,19,055A,A7B2,0000,A7C5,00,01,00,00,00,00
5840,0040,05,03,5A,09,5851,0,19,055A,A7B2,0000,A7C5,00,01,00,00,00,00
5841,0040,05,0E,00,04,5851,0,19,055A,A7B2,0000,A7C5,00,01,00,00,00,00
5842,0040,05,03,62,09,5881,0,19,0562,A7B1,0000,A7C5,00,01,00,00,00,00
5843,0040,05,0E,00,04,5881,0,19,0562,A7B1,0000,A7C5,00,01,00,00,00,00
5844,0040,05,03,62,09,5881,0,19,0562,A7B1,0000,A7C5,00,01,00,00,00,00
5845,0040,05,0E,00,04,5910,0,19,0568,A7B0,0000,A7C5,00,01,00,00,00,00
5846,0040,05,03,68,09,5910,0,19,0568,A7B0,0000,A7C5,00,01,00,00,00,00
5847,0040,05,0E,00,04,5910,0,19,0568,A7B0,0000,A7C5,00,01,00,00,00,00
5848,0040,05,03,70,09,5940,0,19,0570,A7AF,0000,A7C5,00,01,00,00,00,00
5849,0040,05,0E,00,04,5940,0,19,0570,A7AF,0000,A7C5,00,01,00,00,00,00
5850,0040,05,03,70,09,5940,0,19,0570,A7AF,0000,A7C5,00,01,00,00,00,00
5851,0040,05,0E,03,04,5969,0,19,0576,A7AE,0003,A7C4,00,01,00,00,00,00
5852,0040,05,03,76,09,5969,0,19,0576,A7AE,0003,A7C4,00,01,00,00,00,00
5853,0040,05,0E,03,04,5969,0,19,0576,A7AE,0003,A7C4,00,01,00,00,00,00
5854,0040,05,03,7C,09,5998,0,19,057C,A7AD,0000,A7C4,00,01,00,00,00,00
5855,0040,05,0E,00,04,5998,0,19,057C,A7AD,0000,A7C4,00,01,00,00,00,00
5856,0040,05,03,7C,09,5998,0,19,057C,A7AD,0000,A7C4,00,01,00,00,00,00
5857,0240,05,0E,00,04,6026,0,19,0584,A7AC,0000,A7C4,00,01,00,00,00,00
5858,0240,05,03,84,09,6026,0,19,0584,A7AC,0000,A7C4,00,01,00,00,00,00
5859,0240,05,0E,00,04,6026,0,19,0584,A7AC,0000,A7C4,00,01,00,00,00,00
5860,0240,05,03,8A,09,6054,0,19,058A,A7AB,0000,A7C4,00,01,00,00,00,00
5861,0240,05,0E,00,04,6054,0,19,058A,A7AB,0000,A7C4,00,01,00,00,00,00
5862,0240,05,03,8A,09,6054,0,19,058A,A7AB,0000,A7C4,00,01,00,00,00,00
5863,0240,05,0E,03,04,6082,0,19,0590,A7AA,0003,A7C3,00,01,00,00,00,00
5864,0240,05,03,90,09,6082,0,19,0590,A7AA,0003,A7C3,00,01,00,00,00,00
5865,0240,05,0E,03,04,6082,0,19,0590,A7AA,0003,A7C3,00,01,00,00,00,00
5866,0240,05,03,96,09,6109,0,19,0596,A7A9,0003,A7C2,00,01,00,00,00,00
5867,0240,05,0E,03,04,6109,0,19,0596,A7A9,0003,A7C2,00,01,00,00,00,00
5868,0240,05,03,96,09,6109,0,19,0596,A7A9,0003,A7C2,00,01,00,00,00,00
5869,0240,05,0E,03,04,6136,0,19,059E,A7A8,0003,A7C1,00,01,00,00,00,00
5870,0240,05,03,9E,09,6136,0,19,059E,A7A8,0003,A7C1,00,01,00,00,00,00
5871,0240,05,0E,03,04,6136,0,19,059E,A7A8,0003,A7C1,00,01,00,00,00,00
5872,0240,05,03,A4,09,6163,0,19,05A4,A7A7,0003,A7C0,00,01,00,00,00,00
5873,0240,05,0E,03,04,6163,0,19,05A4,A7A7,0003,A7C0,00,01,00,00,00,00
5874,0240,05,03,A4,09,6163,0,19,05A4,A7A7,0003,A7C0,00,01,00,00,00,00
5875,0240,05,0E,03,04,6190,0,19,05AA,A7A6,0003,A7BF,00,01,00,00,00,00
5876,0240,05,03,AA,09,6190,0,19,05AA,A7A6,0003,A7BF,00,01,00,00,00,00
5877,0240,05,0E,03,04,6190,0,19,05AA,A7A6,0003,A7BF,00,01,00,00,00,00
5878,0240,05,03,B0,09,6217,0,19,05B0,A7A5,0000,A7BF,01,01,00,00,00,00
5879,0140,05,0E,00,04,6217,0,19,05B0,A7A5,0000,A7BF,01,01,00,00,00,00
5880,0140,05,03,B0,09,6217,0,19,05B0,A7A5,0000,A7BF,01,01,00,00,00,00
5881,0240,05,0E,03,04,6243,0,19,05B6,A7A4,0003,A7BE,01,01,00,00,00,00
5882,0140,05,03,B6,09,6243,0,19,05B6,A7A4,0003,A7BE,01,01,00,00,00,00
5883,0140,05,0E,03,04,6243,0,19,05B6,A7A4,0003,A7BE,01,01,00,00,00,00
5884,0140,05,03,BC,09,6269,0,19,05BC,A7A3,0000,A7BE,01,01,00,00,00,00
5885,0140,05,0E,00,04,6269,0,19,05BC,A7A3,0000,A7BE,01,01,00,00,00,00
5886,0140,05,03,BC,09,6269,0,19,05BC,A7A3,0000,A7BE,01,01,00,00,00,00
5887,0140,05,0E,03,04,6295,0,19,05C2,A7A2,0003,A7BD,01,01,00,00,00,00
5888,0140,05,03,C2,09,6295,0,19,05C2,A7A2,0003,A7BD,01,01,00,00,00,00
5889,0140,05,0E,03,04,6295,0,19,05C2,A7A2,0003,A7BD,01,01,00,00,00,00
5890,0140,05,03,C8,09,6320,0,19,05C8,A7A1,0003,A7BC,01,01,00,00,00,00
5891,0140,05,0E,03,04,6320,0,19,05C8,A7A1,0003,A7BC,01,01,00,00,00,00
5892,0140,05,03,C8,09,6320,0,19,05C8,A7A1,0003,A7BC,01,01,00,00,00,00
5893,0140,05,0E,00,04,6345,0,19,05CE,A7A0,0000,A7BC,01,01,00,00,00,00
5894,0240,05,03,CE,09,6345,0,19,05CE,A7A0,0000,A7BC,01,01,00,00,00,00
5895,0240,05,0E,00,04,6345,0,19,05CE,A7A0,0000,A7BC,01,01,00,00,00,00
5896,0240,05,03,D4,09,6370,0,19,05D4,A79F,0003,A7BB,01,01,00,00,00,00
5897,0240,05,0E,03,04,6370,0,19,05D4,A79F,0003,A7BB,01,01,00,00,00,00
5898,0240,05,03,D4,09,6370,0,19,05D4,A79F,0003,A7BB,01,01,00,00,00,00
5899,0240,05,0E,00,04,6394,0,19,05DA,A79E,0000,A7BB,01,01,00,00,00,00
5900,0240,05,03,DA,09,6394,0,19,05DA,A79E,0000,A7BB,01,01,00,00,00,00
5901,0240,05,0E,00,04,6394,0,19,05DA,A79E,0000,A7BB,01,01,00,00,00,00
5902,0240,05,03,E0,09,6418,0,19,05E0,A79D,0000,A7BB,01,01,00,00,00,00
5903,0240,05,0E,00,04,6418,0,19,05E0,A79D,0000,A7BB,01,01,00,00,00,00
5905,0240,05,03,E6,09,6443,0,19,05E6,A79C,0000,A7BB,01,01,00,00,00,00
5906,0240,05,0E,00,04,6443,0,19,05E6,A79C,0000,A7BB,01,01,00,00,00,00
5907,0240,05,03,E6,09,6443,0,19,05E6,A79C,0000,A7BB,01,01,00,00,00,00
5908,0240,05,0E,00,04,6467,0,19,05EA,A79B,0000,A7BB,01,01,00,00,00,00
5909,0240,05,03,EA,09,6467,0,19,05EA,A79B,0000,A7BB,01,01,00,00,00,00
5910,0240,05,0E,00,04,6467,0,19,05EA,A79B,0000,A7BB,01,01,00,00,00,00
5911,0240,05,03,F0,09,6491,0,19,05F0,A79A,0003,A7BA,01,01,00,00,00,00
5912,0140,05,0E,03,04,6491,0,19,05F0,A79A,0003,A7BA,01,01,00,00,00,00
5913,0140,05,03,F0,09,6491,0,19,05F0,A79A,0003,A7BA,01,01,00,00,00,00
5914,0140,05,0E,03,04,6515,0,19,05F6,A799,0003,A7B9,01,01,00,00,00,00
5915,0140,05,03,F6,09,6515,0,19,05F6,A799,0003,A7B9,01,01,00,00,00,00
5916,0140,05,0E,03,04,6515,0,19,05F6,A799,0003,A7B9,01,01,00,00,00,00
5917,0140,05,03,FC,09,6538,0,19,05FC,A798,0003,A7B8,01,01,00,00,00,00
5918,0140,05,0E,03,04,6538,0,19,05FC,A798,0003,A7B8,01,01,00,00,00,00
5919,0140,05,03,FC,09,6538,0,19,05FC,A798,0003,A7B8,01,01,00,00,00,00
5920,0140,05,0E,03,04,6561,0,19,0600,A797,0003,A7B7,01,01,00,00,00,00
5921,0140,05,03,00,0A,6561,0,19,0600,A797,0003,A7B7,01,01,00,00,00,00
5922,0140,05,0E,03,04,6561,0,19,0600,A797,0003,A7B7,01,01,00,00,00,00
5923,0140,05,03,06,0A,6584,0,19,0606,A796,0003,A7B6,01,01,00,00,00,00
5924,0140,05,0E,03,04,6584,0,19,0606,A796,0003,A7B6,01,01,00,00,00,00
5925,0140,05,03,06,0A,6584,0,19,0606,A796,0003,A7B6,01,01,00,00,00,00
5926,0140,05,0E,00,04,6606,0,19,060C,A795,0000,A7B6,01,01,00,00,00,00
5928,0140,05,03,0C,0A,6606,0,19,060C,A795,0000,A7B6,01,01,00,00,00,00
5929,0140,05,0E,00,04,6628,0,19,0610,A794,0000,A7B6,01,01,00,00,00,00
5930,0140,05,03,10,0A,6628,0,19,0610,A794,0000,A7B6,01,01,00,00,00,00
5931,0140,05,0E,00,04,6628,0,19,0610,A794,0000,A7B6,01,01,00,00,00,00
5932,0140,05,03,16,0A,6650,0,19,0616,A793,0003,A7B5,01,01,00,00,00,00
5933,0140,05,0E,03,04,6650,0,19,0616,A793,0003,A7B5,01,01,00,00,00,00
5934,0140,05,03,16,0A,6650,0,19,0616,A793,0003,A7B5,01,01,00,00,00,00
5935,0140,05,0E,00,04,6672,0,19,061A,A792,0000,A7B5,01,01,00,00,00,00
5936,0240,05,03,1A,0A,6672,0,19,061A,A792,0000,A7B5,01,01,00,00,00,00
5937,0240,05,0E,00,04,6672,0,19,061A,A792,0000,A7B5,01,01,00,00,00,00
5938,0240,05,03,20,0A,6693,0,19,0620,A791,0003,A7B4,01,01,00,00,00,00
5939,0240,05,0E,03,04,6693,0,19,0620,A791,0003,A7B4,01,01,00,00,00,00
5940,0240,05,03,20,0A,6693,0,19,0620,A791,0003,A7B4,01,01,00,00,00,00
5941,0240,05,0E,03,04,6715,0,19,0624,A790,0003,A7B3,01,01,00,00,00,00
5942,0240,05,03,24,0A,6715,0,19,0624,A790,0003,A7B3,01,01,00,00,00,00
5943,0240,05,0E,03,04,6715,0,19,0624,A790,0003,A7B3,01,01,00,00,00,00
5944,0240,05,03,2A,0A,6737,0,19,062A,A78F,0000,A7B3,01,01,00,00,00,00
5945,0240,05,0E,00,04,6737,0,19,062A,A78F,0000,A7B3,01,01,00,00,00,00
5946,0240,05,03,2A,0A,6737,0,19,062A,A78F,0000,A7B3,01,01,00,00,00,00
5947,0240,05,0E,03,04,6758,0,19,062E,A78E,0003,A7B2,01,01,00,00,00,00
5948,0240,05,03,2E,0A,6758,0,19,062E,A78E,0003,A7B2,01,01,00,00,00,00
5949,0240,05,0E,03,04,6758,0,19,062E,A78E,0003,A7B2,01,01,00,00,00,00
5950,0240,05,03,34,0A,6779,0,19,0634,A78D,0003,A7B1,01,01,00,00,00,00
5951,0240,05,0E,03,04,6779,0,19,0634,A78D,0003,A7B1,01,01,00,00,00,00
5952,0240,05,03,34,0A,6779,0,19,0634,A78D,0003,A7B1,01,01,00,00,00,00
5953,0240,05,0E,00,04,6800,0,19,0638,A78C,0000,A7B1,01,01,00,00,00,00
5954,0240,05,03,38,0A,6800,0,19,0638,A78C,0000,A7B1,01,01,00,00,00,00
5955,0240,05,0E,00,04,6800,0,19,0638,A78C,0000,A7B1,01,01,00,00,00,00
5956,0240,05,03,3E,0A,6820,0,19,063E,A78B,0003,A7B0,01,01,00,00,00,00
5957,0140,05,0E,03,04,6820,0,19,063E,A78B,0003,A7B0,01,01,00,00,00,00
5958,0140,05,03,3E,0A,6820,0,19,063E,A78B,0003,A7B0,01,01,00,00,00,00
5959,0140,05,0E,03,04,6840,0,19,0642,A78A,0003,A7AF,01,01,00,00,00,00
5960,0140,05,03,42,0A,6840,0,19,0642,A78A,0003,A7AF,01,01,00,00,00,00
5961,0140,05,0E,03,04,6840,0,19,0642,A78A,0003,A7AF,01,01,00,00,00,00
5962,0140,05,03,46,0A,6860,0,19,0646,A789,0000,A7AF,01,01,00,00,00,00
5963,0140,05,0E,00,04,6860,0,19,0646,A789,0000,A7AF,01,01,00,00,00,00
5964,0140,05,03,46,0A,6860,0,19,0646,A789,0000,A7AF,01,01,00,00,00,00
5965,0140,05,0E,03,04,6880,0,19,064C,A788,0003,A7AE,01,01,00,00,00,00
5966,0140,05,03,4C,0A,6880,0,19,064C,A788,0003,A7AE,01,01,00,00,00,00
5967,0140,05,0E,03,04,6880,0,19,064C,A788,0003,A7AE,01,01,00,00,00,00
5968,0140,05,03,50,0A,6899,0,19,0650,A787,0000,A7AE,01,01,00,00,00,00
5969,0140,05,0E,00,04,6899,0,19,0650,A787,0000,A7AE,01,01,00,00,00,00
5970,0140,05,03,50,0A,6899,0,19,0650,A787,0000,A7AE,01,01,00,00,00,00
5971,0140,05,0E,00,04,6918,0,19,0654,A786,0000,A7AE,01,01,00,00,00,00
5972,0140,05,03,54,0A,6918,0,19,0654,A786,0000,A7AE,01,01,00,00,00,00
5973,0140,05,0E,00,04,6918,0,19,0654,A786,0000,A7AE,01,01,00,00,00,00
5974,0140,05,03,58,0A,6937,0,19,0658,A785,0003,A7AD,01,01,00,00,00,00
5975,0140,05,0E,03,04,6937,0,19,0658,A785,0003,A7AD,01,01,00,00,00,00
5976,0140,05,03,58,0A,6937,0,19,0658,A785,0003,A7AD,01,01,00,00,00,00
5977,0140,05,0E,00,04,6957,0,19,065E,A784,0000,A7AD,01,01,00,00,00,00
5978,0140,05,03,5E,0A,6957,0,19,065E,A784,0000,A7AD,01,01,00,00,00,00
5979,0140,05,0E,00,04,6957,0,19,065E,A784,0000,A7AD,01,01,00,00,00,00
5980,0140,05,03,62,0A,6975,0,19,0662,A783,0003,A7AC,01,01,00,00,00,00
5981,0140,05,0E,03,04,6975,0,19,0662,A783,0003,A7AC,01,01,00,00,00,00
5982,0140,05,03,62,0A,6975,0,19,0662,A783,0003,A7AC,01,01,00,00,00,00
5983,0140,05,0E,00,04,6993,0,19,0666,A782,0000,A7AC,01,01,00,00,00,00
5984,0040,05,03,66,0A,6993,0,19,0666,A782,0000,A7AC,01,01,00,00,00,00
5985,0040,05,0E,00,04,6993,0,19,0666,A782,0000,A7AC,01,01,00,00,00,00
5986,0240,05,03,6A,0A,7011,0,19,066A,A781,0000,A7AC,01,01,00,00,00,00
5987,0240,05,0E,00,04,7011,0,19,066A,A781,0000,A7AC,01,01,00,00,00,00
5988,0240,05,03,6A,0A,7011,0,19,066A,A781,0000,A7AC,01,01,00,00,00,00
5989,0240,05,0E,03,04,7029,0,19,066E,A780,0003,A7AB,01,01,00,00,00,00
5990,0240,05,03,6E,0A,7029,0,19,066E,A780,0003,A7AB,01,01,00,00,00,00
5991,0240,05,0E,03,04,7029,0,19,066E,A780,0003,A7AB,01,01,00,00,00,00
5992,0240,05,03,72,0A,7046,0,19,0672,A77F,0003,A7AA,01,01,00,00,00,00
5993,0240,05,0E,03,04,7046,0,19,0672,A77F,0003,A7AA,01,01,00,00,00,00
5994,0240,05,03,72,0A,7046,0,19,0672,A77F,0003,A7AA,01,01,00,00,00,00
5995,0240,05,0E,03,04,7063,0,19,0676,A77E,0003,A7A9,01,01,00,00,00,00
5996,0240,05,03,76,0A,7063,0,19,0676,A77E,0003,A7A9,01,01,00,00,00,00
5997,0240,05,0E,03,04,7063,0,19,0676,A77E,0003,A7A9,01,01,00,00,00,00
5998,0240,05,03,7A,0A,7080,0,19,067A,A77D,0000,A7A9,01,01,00,00,00,00
5999,0240,05,0E,00,04,7080,0,19,067A,A77D,0000,A7A9,01,01,00,00,00,00
6000,0240,05,03,7A,0A,7080,0,19,067A,A77D,0000,A7A9,01,01,00,00,00,00
6001,0240,05,0E,00,04,7097,0,19,067E,A77C,0000,A7A9,01,01,00,00,00,00
6002,0240,05,03,7E,0A,7097,0,19,067E,A77C,0000,A7A9,01,01,00,00,00,00
6003,0240,05,0E,00,04,7097,0,19,067E,A77C,0000,A7A9,01,01,00,00,00,00
6004,0240,05,03,82,0A,7113,0,19,0682,A77B,0000,A7A9,01,01,00,00,00,00
6005,0240,05,0E,00,04,7113,0,19,0682,A77B,0000,A7A9,01,01,00,00,00,00
6006,0240,05,03,82,0A,7113,0,19,0682,A77B,0000,A7A9,01,01,00,00,00,00
6007,0240,05,0E,00,04,7129,0,19,0686,A77A,0000,A7A9,01,01,00,00,00,00
6008,0240,05,03,86,0A,7129,0,19,0686,A77A,0000,A7A9,01,01,00,00,00,00
6009,0240,05,0E,00,04,7129,0,19,0686,A77A,0000,A7A9,01,01,00,00,00,00
6010,0240,05,03,8A,0A,7145,0,19,068A,A779,0000,A7A9,01,81,00,00,00,00
6011,0240,05,0E,00,04,7145,0,19,068A,A779,0000,A7A9,01,81,00,00,00,00
6012,0240,05,03,8A,0A,7145,0,19,068A,A779,0000,A7A9,01,81,00,00,00,00
6013,0240,05,16,8A,0A,7161,0,19,068E,A778,0000,A7A9,01,01,00,00,00,00
6014,0240,05,03,8E,0A,7161,0,19,068E,A778,0000,A7A9,01,01,00,00,00,00
6015,0240,05,0E,00,04,7161,0,19,068E,A778,0000,A7A9,01,01,00,00,00,00
6016,0240,05,03,92,0A,7177,0,19,0692,A777,0000,A7A9,01,01,00,00,00,00
6017,0140,05,0E,00,04,7177,0,19,0692,A777,0000,A7A9,01,01,00,00,00,00
6018,0140,05,03,92,0A,7177,0,19,0692,A777,0000,A7A9,01,01,00,00,00,00
6019,0140,05,0E,00,04,7192,0,19,0694,A776,0000,A7A9,01,01,00,00,00,00
6020,0140,05,03,94,0A,7192,0,19,0694,A776,0000,A7A9,01,01,00,00,00,00
6021,0140,05,0E,00,04,7192,0,19,0694,A776,0000,A7A9,01,01,00,00,00,00
6022,0140,05,03,98,0A,7208,0,19,0698,A775,0000,A7A9,01,01,00,00,00,00
6023,0140,05,0E,00,04,7208,0,19,0698,A775,0000,A7A9,01,01,00,00,00,00
6024,0140,05,03,98,0A,7208,0,19,0698,A775,0000,A7A9,01,01,00,00,00,00
6026,0140,05,0E,03,04,7224,0,19,069C,A774,0003,A7A8,01,01,00,00,00,00
6027,0140,05,03,9C,0A,7224,0,19,069C,A774,0003,A7A8,01,01,00,00,00,00
6028,0140,05,0E,03,04,7240,0,19,06A0,A773,0003,A7A7,01,01,00,00,00,00
6029,0140,05,03,A0,0A,7240,0,19,06A0,A773,0003,A7A7,01,01,00,00,00,00
6030,0140,05,0E,03,04,7240,0,19,06A0,A773,0003,A7A7,01,01,00,00,00,00
6031,0140,05,03,A4,0A,7255,0,19,06A4,A772,0000,A7A7,01,01,00,00,00,00
6032,0140,05,0E,00,04,7255,0,19,06A4,A772,0000,A7A7,01,01,00,00,00,00
6033,0140,05,03,A4,0A,7255,0,19,06A4,A772,0000,A7A7,01,01,00,00,00,00
6034,0140,05,0E,00,04,7270,0,19,06A6,A771,0000,A7A7,01,01,00,00,00,00
6035,0240,05,03,A6,0A,7270,0,19,06A6,A771,0000,A7A7,01,01,00,00,00,00
6036,0240,05,0E,00,04,7270,0,19,06A6,A771,0000,A7A7,01,01,00,00,00,00
6037,0240,05,03,AA,0A,7285,0,19,06AA,A770,0003,A7A6,01,01,00,00,00,00
6038,0240,05,0E,03,04,7285,0,19,06AA,A770,0003,A7A6,01,01,00,00,00,00
6039,0240,05,03,AA,0A,7285,0,19,06AA,A770,0003,A7A6,01,01,00,00,00,00
6040,0240,05,0E,03,04,7300,0,19,06AE,A76F,0003,A7A5,01,01,00,00,00,00
6041,0140,05,03,AE,0A,7300,0,19,06AE,A76F,0003,A7A5,01,01,00,00,00,00
6042,0140,05,0E,03,04,7300,0,19,06AE,A76F,0003,A7A5,01,01,00,00,00,00
6043,0140,05,03,B2,0A,7315,0,19,06B2,A76E,0003,A7A4,01,01,00,00,00,00
6044,0140,05,0E,03,04,7315,0,19,06B2,A76E,0003,A7A4,01,01,00,00,00,00
6045,0140,05,03,B2,0A,7315,0,19,06B2,A76E,0003,A7A4,01,01,00,00,00,00
6046,0140,05,0E,00,04,7329,0,19,06B4,A76D,0000,A7A4,01,01,00,00,00,00
6047,0140,05,03,B4,0A,7329,0,19,06B4,A76D,0000,A7A4,01,01,00,00,00,00
6049,0140,05,0E,03,04,7343,0,19,06B8,A76C,0003,A7A3,01,00,00,FF,00,00
6050,0140,05,03,B8,0A,7343,0,19,06B8,A76C,0003,A7A3,01,00,00,FF,00,00
6051,0140,05,15,B8,0A,7343,0,19,06B8,A76C,0003,A7A3,01,00,00,FF,00,00
6052,0140,05,03,BC,0A,7357,0,19,06BC,A76B,0003,A7A2,01,00,00,00,00,00
6053,0240,05,0E,03,04,7357,0,19,06BC,A76B,0003,A7A2,01,00,00,00,00,00
6054,0240,05,03,BC,0A,7357,0,19,06BC,A76B,0003,A7A2,01,00,00,00,00,00
6055,0240,05,0E,00,04,7371,0,19,06BE,A76A,0000,A7A2,01,00,00,00,00,00
6056,0240,05,03,BE,0A,7371,0,19,06BE,A76A,0000,A7A2,01,00,00,00,00,00
6057,0240,05,0E,00,04,7371,0,19,06BE,A76A,0000,A7A2,01,00,00,00,00,00
6058,0240,05,03,C2,0A,7385,0,19,06C2,A769,0003,A7A1,01,00,00,00,00,00
6059,0240,05,0E,03,04,7385,0,19,06C2,A769,0003,A7A1,01,00,00,00,00,00
6060,0240,05,03,C2,0A,7385,0,19,06C2,A769,0003,A7A1,01,00,00,00,00,00
6061,0240,05,0E,03,04,7398,0,19,06C4,A768,0003,A7A0,01,00,00,00,00,00
6062,0240,05,03,C4,0A,7398,0,19,06C4,A768,0003,A7A0,01,00,00,00,00,00
6063,0240,05,0E,03,04,7398,0,19,06C4,A768,0003,A7A0,01,00,00,00,00,00
6064,0240,05,03,C8,0A,7411,0,19,06C8,A767,0003,A79F,01,00,00,00,00,00
6065,0240,05,0E,03,04,7411,0,19,06C8,A767,0003,A79F,01,00,00,00,00,00
6066,0240,05,03,C8,0A,7411,0,19,06C8,A767,0003,A79F,01,00,00,00,00,00
6067,0240,05,0E,00,04,7424,0,19,06CC,A766,0000,A79F,01,00,00,00,00,00
6068,0240,05,03,CC,0A,7424,0,19,06CC,A766,0000,A79F,01,00,00,00,00,00
6069,0240,05,0E,00,04,7424,0,19,06CC,A766,0000,A79F,01,00,00,00,00,00
6070,0240,05,03,CE,0A,7437,0,19,06CE,A765,0000,A79F,01,00,00,00,00,00
6071,0140,05,0E,00,04,7437,0,19,06CE,A765,0000,A79F,01,00,00,00,00,00
6072,0140,05,03,CE,0A,7437,0,19,06CE,A765,0000,A79F,01,00,00,00,00,00
6073,0140,05,0E,00,04,7450,0,19,06D2,A764,0000,A79F,01,00,00,00,00,00
6074,0140,05,03,D2,0A,7450,0,19,06D2,A764,0000,A79F,01,00,00,00,00,00
6075,0140,05,0E,00,04,7450,0,19,06D2,A764,0000,A79F,01,00,00,00,00,00
6076,0140,05,03,D4,0A,7464,0,19,06D4,A763,0000,A79F,01,00,00,00,00,00
6077,0140,05,0E,00,04,7464,0,19,06D4,A763,0000,A79F,01,00,00,00,00,00
6078,0140,05,03,D4,0A,7464,0,19,06D4,A763,0000,A79F,01,00,00,00,00,00
6079,0140,05,0E,00,04,7477,0,19,06D8,A762,0000,A79F,01,00,00,00,00,00
6080,0140,05,03,D8,0A,7477,0,19,06D8,A762,0000,A79F,01,00,00,00,00,00
6081,0140,05,0E,00,04,7477,0,19,06D8,A762,0000,A79F,01,00,00,00,00,00
6082,0140,05,0A,00,04,7490,0,19,06DA,A761,0000,A79F,00,00,FF,00,00,00
6083,0240,05,0E,00,04,7490,0,19,06DA,A761,0000,A79F,00,00,FF,00,00,00
6084,0240,05,03,DA,0A,7490,0,19,06DA,A761,0000,A79F,00,00,FF,00,00,00
6085,0240,05,0E,03,04,7503,0,19,06DE,A760,0003,A79E,00,00,00,00,00,00
6086,0240,05,03,DE,0A,7503,0,19,06DE,A760,0003,A79E,00,00,00,00,00,00
6087,0240,05,0E,03,04,7503,0,19,06DE,A760,0003,A79E,00,00,00,00,00,00
6088,0240,05,03,E0,0A,7516,0,19,06E0,A75F,0003,A79D,00,00,00,00,00,00
6089,0240,05,0E,03,04,7516,0,19,06E0,A75F,0003,A79D,00,00,00,00,00,00
6090,0240,05,03,E0,0A,7516,0,19,06E0,A75F,0003,A79D,00,00,00,00,00,00
6091,0240,05,0E,00,04,7529,0,19,06E4,A75E,0000,A79D,00,00,00,00,00,00
6092,0240,05,03,E4,0A,7529,0,19,06E4,A75E,0000,A79D,00,00,00,00,00,00
6093,0240,05,0E,00,04,7529,0,19,06E4,A75E,0000,A79D,00,00,00,00,00,00
6094,0240,05,03,E6,0A,7542,0,19,06E6,A75D,0000,A79D,00,00,00,00,00,00
6095,0240,05,0E,00,04,7542,0,19,06E6,A75D,0000,A79D,00,00,00,00,00,00
6096,0240,05,03,E6,0A,7542,0,19,06E6,A75D,0000,A79D,00,00,00,00,00,00
6097,0240,05,0E,03,04,7554,0,19,06EA,A75C,0003,A79C,00,00,00,00,00,00
6098,0240,05,03,EA,0A,7554,0,19,06EA,A75C,0003,A79C,00,00,00,00,00,00
6099,0240,05,0E,03,04,7554,0,19,06EA,A75C,0003,A79C,00,00,00,00,00,00
6100,0240,05,03,EC,0A,7566,0,19,06EC,A75B,0000,A79C,00,00,00,00,00,00
6101,0240,05,0E,00,04,7566,0,19,06EC,A75B,0000,A79C,00,00,00,00,00,00
6102,0240,05,03,EC,0A,7566,0,18,06EC,A75B,0000,A79C,00,00,00,00,00,00
6103,0240,05,0E,00,04,7578,0,18,06F0,A75A,0000,A79C,00,00,FF,00,00,00
6104,0240,05,03,F0,0A,7578,0,18,06F0,A75A,0000,A79C,00,00,FF,00,00,00
6105,0240,05,0E,00,04,7578,0,18,06F0,A75A,0000,A79C,00,00,FF,00,00,00
6106,0240,05,03,F2,0A,7590,0,18,06F2,A759,0003,A79B,00,00,00,00,00,00
6107,0240,05,0E,03,04,7590,0,18,06F2,A759,0003,A79B,00,00,00,00,00,00
6108,0240,05,03,F2,0A,7590,0,18,06F2,A759,0003,A79B,00,00,00,00,00,00
6109,0240,05,0E,00,04,7602,0,18,06F4,A758,0000,A79B,00,00,FF,00,00,00
6110,0240,05,0A,00,04,7602,0,18,06F4,A758,0000,A79B,00,00,FF,00,00,00
6111,0240,05,0E,00,04,7602,0,18,06F4,A758,0000,A79B,00,00,FF,00,00,00
6112,0240,05,03,F8,0A,7614,0,18,06F8,A757,0000,A79B,00,00,00,00,00,00
6113,0240,05,0E,00,04,7614,0,18,06F8,A757,0000,A79B,00,00,00,00,00,00
6114,0240,05,03,F8,0A,7614,0,18,06F8,A757,0000,A79B,00,00,00,00,00,00
6115,0240,05,0E,03,04,7626,0,18,06FA,A756,0003,A79A,00,00,FF,00,00,00
6116,0240,05,03,FA,0A,7626,0,18,06FA,A756,0003,A79A,00,00,FF,00,00,00
6117,0240,05,0E,03,04,7626,0,18,06FA,A756,0003,A79A,00,00,FF,00,00,00
6118,0240,05,03,FE,0A,7638,0,18,06FE,A755,0003,A799,00,00,00,00,00,00
6119,0240,05,0E,03,04,7638,0,18,06FE,A755,0003,A799,00,00,00,00,00,00
6120,0240,05,03,FE,0A,7638,0,18,06FE,A755,0003,A799,00,00,00,00,00,00
