frame,ms,input,p0,p1,p2,p3,engine_value,engine_gate,lap,speed
5649,94010,0040,05,03,00,04,0000,A7FF,0,0
5650,94027,0040,05,0E,03,04,0000,A7FF,0,0
5651,94043,0040,05,03,00,04,0000,A7FF,0,0
5652,94060,0040,05,0E,03,04,0000,A7FF,0,0
5653,94076,0040,05,03,D6,05,01D6,A7FE,0,474
5654,94093,0040,05,0E,03,04,01D6,A7FE,0,474
5655,94110,0040,05,03,D6,05,01D6,A7FE,0,474
5656,94126,0040,05,0E,03,04,032A,A7FD,0,817
5657,94143,0040,05,03,2A,07,032A,A7FD,0,817
5658,94160,0040,05,0E,03,04,032A,A7FD,0,817
5659,94176,0040,05,03,5A,08,045A,A7FC,0,1124
5660,94193,0040,05,0E,00,04,045A,A7FC,0,1124
5661,94210,0040,05,03,5A,08,045A,A7FC,0,1124
5662,94226,0040,05,0E,03,04,056C,A7FB,0,1400
5663,94243,0040,05,03,6C,09,056C,A7FB,0,1400
5664,94260,0040,05,0E,03,04,056C,A7FB,0,1400
5665,94276,0040,05,03,62,0A,0662,A7FA,0,1648
5666,94293,0040,05,0E,00,04,0662,A7FA,0,1648
5667,94309,0040,05,03,62,0A,0662,A7FA,0,1648
5668,94326,0040,05,0E,03,04,073E,A7F9,0,1870
5669,94343,0040,05,03,3E,0B,073E,A7F9,0,1870
5670,94359,0040,05,0E,03,04,073E,A7F9,0,1870
5671,94376,0040,05,03,04,0C,0804,A7F8,0,2070
5672,94393,0040,05,0E,03,04,0804,A7F8,0,2070
5673,94409,0040,05,03,04,0C,0804,A7F8,0,2070
5674,94426,0040,05,0E,03,04,08B8,A7F7,0,2250
5675,94443,0040,05,03,B8,0C,08B8,A7F7,0,2250
5676,94459,0040,05,0E,03,04,0958,A7F6,0,2412
5677,94476,0040,05,03,58,0D,0958,A7F6,0,2412
5678,94492,0040,05,0E,03,04,09E8,A7F5,0,2557
5679,94509,0040,05,03,E8,0D,09E8,A7F5,0,2557
5680,94526,0040,05,0E,00,04,0A6A,A7F4,0,2687
5681,94542,0040,05,03,6A,0E,0A6A,A7F4,0,2687
5682,94559,0040,05,0E,00,04,0ADC,A7F3,0,2803
5683,94576,0040,05,03,DC,0E,0ADC,A7F3,0,2803
5684,94592,0040,05,0E,03,04,0B44,A7F2,0,2908
5685,94609,0040,05,03,44,0F,0B44,A7F2,0,2908
5686,94626,0040,05,0E,03,04,0BA2,A7F1,0,3002
5687,94642,0040,05,03,A2,0F,0BA2,A7F1,0,3002
5688,94659,0040,05,0E,00,04,0BF4,A7F0,0,3086
5689,94676,0040,05,03,F4,0F,0BF4,A7F0,0,3086
5690,94692,0040,05,0E,00,04,0C40,A7EF,0,3162
5691,94709,0040,05,03,40,10,0C40,A7EF,0,3162
5692,94725,0040,05,0E,03,04,0C84,A7EE,0,3230
5693,94742,0040,05,03,84,10,0C84,A7EE,0,3230
5694,94759,0040,05,0E,03,04,0CC0,A7ED,0,3291
5695,94775,0040,05,03,C0,10,0CC0,A7ED,0,3291
5696,94792,0040,05,0E,00,04,0CF6,A7EC,0,3346
5697,94809,0040,05,03,F6,10,0CF6,A7EC,0,3346
5698,94825,0040,05,0E,00,04,0D28,A7EB,0,3396
5699,94842,0040,05,03,28,11,0D28,A7EB,0,3396
5700,94859,0040,05,0E,03,04,0D54,A7EA,0,3440
5701,94875,0040,05,03,54,11,0D54,A7EA,0,3440
5702,94892,0040,05,0E,00,04,0D7C,A7E9,0,3480
5703,94908,0040,05,03,7C,11,0D7C,A7E9,0,3480
5704,94925,0040,05,0E,03,04,0DA0,A7E8,0,3516
5705,94942,0040,05,03,A0,11,0DA0,A7E8,0,3516
5706,94958,0040,05,0E,00,04,0DC0,A7E7,0,3548
5707,94975,0040,05,03,C0,11,0DC0,A7E7,0,3548
5708,94992,0040,05,0E,00,04,0DDC,A7E6,0,3577
5709,95008,0050,05,03,DC,11,0DDC,A7E6,0,3577
5710,95025,0050,05,0E,03,04,0DF6,A7E5,0,3603
5711,95042,0050,05,03,F6,11,0DF6,A7E5,0,3603
5712,95058,0050,05,0E,03,04,0AAC,A7E4,0,3644
5713,95075,0050,05,03,AC,0E,0AAC,A7E4,0,3644
5714,95091,0050,05,0E,03,04,0ACA,A7E3,0,3684
5715,95108,0050,05,03,CA,0E,0ACA,A7E3,0,3684
5716,95125,0050,05,0E,00,04,0AE8,A7E2,0,3723
5717,95141,0050,05,03,E8,0E,0AE8,A7E2,0,3723
5718,95158,0050,05,0E,00,04,0B04,A7E1,0,3761
5719,95175,0050,05,03,04,0F,0B04,A7E1,0,3761
5720,95191,0050,05,0E,03,04,0B20,A7E0,0,3798
5721,95208,0050,05,03,20,0F,0B20,A7E0,0,3798
5722,95225,0050,05,0E,00,04,0B3A,A7DF,0,3834
5723,95241,0050,05,0E,00,04,0B3A,A7DF,0,3834
5724,95258,0050,05,03,54,0F,0B54,A7DE,0,3869
5725,95275,0050,05,0E,03,04,0B54,A7DE,0,3869
5726,95291,0050,05,03,6E,0F,0B6E,A7DD,0,3903
5727,95308,0040,05,0E,00,04,0B6E,A7DD,0,3903
5728,95324,0040,05,03,88,0F,0B88,A7DC,0,3936
5729,95341,0040,05,0E,03,04,0B88,A7DC,0,3936
5730,95358,0040,05,03,A0,0F,0BA0,A7DB,0,3968
5731,95374,0040,05,0E,03,04,0BA0,A7DB,0,3968
5732,95391,0040,05,03,A0,0F,0BA0,A7DB,0,3968
5733,95408,0040,05,0E,03,04,0BB6,A7DA,0,3999
5734,95424,0040,05,03,B6,0F,0BB6,A7DA,0,3999
5735,95441,0040,05,0E,03,04,0BB6,A7DA,0,3999
5736,95458,0040,05,03,CC,0F,0BCC,A7D9,0,4029
5737,95474,0040,05,0E,03,04,0BCC,A7D9,0,4029
5738,95491,0040,05,03,CC,0F,0BCC,A7D9,0,4029
5739,95507,0040,05,0E,03,04,0BE2,A7D8,0,4058
5740,95524,0040,05,03,E2,0F,0BE2,A7D8,0,4058
5741,95541,0040,05,0E,03,04,0BE2,A7D8,0,4058
5742,95557,0040,05,03,F8,0F,0BF8,A7D7,0,4087
5743,95574,0040,05,0E,00,04,0BF8,A7D7,0,4087
5744,95591,0040,05,03,F8,0F,0BF8,A7D7,0,4087
5745,95607,0040,05,0E,00,04,0C0E,A7D6,0,4115
5746,95624,0040,05,0E,00,04,0C0E,A7D6,0,4115
5747,95641,0040,05,03,0E,10,0C0E,A7D6,0,4115
5748,95657,0040,05,0E,03,04,0C22,A7D5,0,4142
5749,95674,0040,05,03,22,10,0C22,A7D5,0,4142
5750,95690,0040,05,0E,03,04,0C22,A7D5,0,4142
5751,95707,0040,05,03,36,10,0C36,A7D4,0,4169
5752,95724,0040,05,0E,00,04,0C36,A7D4,0,4169
5753,95740,0040,05,03,36,10,0C36,A7D4,0,4169
5754,95757,0040,05,0E,03,04,0C4A,A7D3,0,4195
5755,95774,0040,05,03,4A,10,0C4A,A7D3,0,4195
5756,95790,0040,05,0E,03,04,0C4A,A7D3,0,4195
5757,95807,0040,05,03,5C,10,0C5C,A7D2,0,4220
5758,95824,0040,05,0E,03,04,0C5C,A7D2,0,4220
5759,95840,0040,05,03,5C,10,0C5C,A7D2,0,4220
5760,95857,0040,05,0E,03,04,0C6E,A7D1,0,4244
5761,95874,0040,05,03,6E,10,0C6E,A7D1,0,4244
5762,95890,0040,05,0E,03,04,0C6E,A7D1,0,4244
5763,95907,0040,05,03,80,10,0C80,A7D0,0,4267
5764,95923,0040,05,0E,03,04,0C80,A7D0,0,4267
5765,95940,0040,05,03,80,10,0C80,A7D0,0,4267
5766,95957,0040,05,0E,00,04,0C90,A7CF,0,4290
5767,95973,0040,05,03,90,10,0C90,A7CF,0,4290
5768,95990,0040,05,0E,00,04,0CA2,A7CE,0,4312
5769,96007,0040,05,0E,00,04,0CA2,A7CE,0,4312
5770,96023,0040,05,03,A2,10,0CA2,A7CE,0,4312
5771,96040,0040,05,0E,03,04,0CB2,A7CD,0,4334
5772,96057,0040,05,03,B2,10,0CB2,A7CD,0,4334
5773,96073,0040,05,0E,03,04,0CB2,A7CD,0,4334
5774,96090,0040,05,03,C2,10,0CC2,A7CC,0,4356
5775,96106,0040,05,0E,00,04,0CC2,A7CC,0,4356
5776,96123,0040,05,03,C2,10,0CC2,A7CC,0,4356
5777,96140,0040,05,0E,00,04,0CD2,A7CB,0,4377
5778,96156,0040,05,03,D2,10,0CD2,A7CB,0,4377
5779,96173,0040,05,0E,00,04,0CD2,A7CB,0,4377
5780,96190,0040,05,03,E0,10,0CE0,A7CA,0,4397
5781,96206,0040,05,0E,03,04,0CE0,A7CA,0,4397
5782,96223,0040,05,03,E0,10,0CE0,A7CA,0,4397
5783,96240,0040,05,0E,00,04,0CF0,A7C9,0,4417
5784,96256,0040,05,03,F0,10,0CF0,A7C9,0,4417
5785,96273,0040,05,0E,00,04,0CF0,A7C9,0,4417
5786,96290,0040,05,03,FE,10,0CFE,A7C8,0,4436
5787,96306,0040,05,0E,00,04,0CFE,A7C8,0,4436
5788,96323,0040,05,03,FE,10,0CFE,A7C8,0,4436
5789,96339,0040,05,0E,03,04,0D0C,A7C7,0,4454
5790,96356,0040,05,03,0C,11,0D0C,A7C7,0,4454
5791,96373,0040,05,0E,03,04,0D0C,A7C7,0,4454
5792,96389,0040,05,03,1A,11,0D1A,A7C6,0,4472
5793,96406,0040,05,0E,00,04,0D1A,A7C6,0,4472
5794,96423,0040,05,03,1A,11,0D1A,A7C6,0,4472
5795,96439,0040,05,0E,03,04,0D26,A7C5,0,4489
5796,96456,0040,05,03,26,11,0D26,A7C5,0,4489
5797,96473,0040,05,0E,03,04,0D26,A7C5,0,4489
5798,96489,0040,05,03,32,11,0D32,A7C4,0,4506
5799,96506,0040,05,0E,03,04,0D32,A7C4,0,4506
5800,96522,0040,05,03,32,11,0D32,A7C4,0,4506
5801,96539,0040,05,0E,00,04,0D3E,A7C3,0,4522
5802,96556,0040,05,03,3E,11,0D3E,A7C3,0,4522
5803,96572,0040,05,0E,00,04,0D3E,A7C3,0,4522
5804,96589,0040,05,03,4A,11,0D4A,A7C2,0,4538
5805,96606,0040,05,0E,00,04,0D4A,A7C2,0,4538
5806,96622,0040,05,03,4A,11,0D4A,A7C2,0,4538
5807,96639,0040,05,0E,03,04,0D56,A7C1,0,4553
5808,96656,0040,05,03,56,11,0D56,A7C1,0,4553
5809,96672,0040,05,0E,03,04,0D56,A7C1,0,4553
5810,96689,0040,05,03,62,11,0D62,A7C0,0,4568
5811,96705,0040,05,0E,00,04,0D62,A7C0,0,4568
5812,96722,0040,05,03,62,11,0D62,A7C0,0,4568
5813,96739,0040,05,0E,03,04,0D6C,A7BF,0,4583
5814,96755,0040,05,03,6C,11,0D6C,A7BF,0,4583
5815,96772,0040,05,0E,03,04,0D6C,A7BF,0,4583
5816,96789,0040,05,03,78,11,0D78,A7BE,0,4598
5817,96805,0040,05,0E,03,04,0D78,A7BE,0,4598
5818,96822,0040,05,03,78,11,0D78,A7BE,0,4598
5819,96839,0040,05,0E,00,04,0D82,A7BD,0,4612
5820,96855,0040,05,03,82,11,0D82,A7BD,0,4612
5821,96872,0040,05,0E,00,04,0D82,A7BD,0,4612
5822,96889,0040,05,03,8C,11,0D8C,A7BC,0,4626
5823,96905,0040,05,0E,00,04,0D8C,A7BC,0,4626
5824,96922,0040,05,03,8C,11,0D8C,A7BC,0,4626
5825,96938,0040,05,0E,00,04,0D96,A7BB,0,4639
5826,96955,0040,05,03,96,11,0D96,A7BB,0,4639
5827,96972,0040,05,0E,00,04,0D96,A7BB,0,4639
5828,96988,0040,05,03,A0,11,0DA0,A7BA,0,4652
5829,97005,0040,05,0E,00,04,0DA0,A7BA,0,4652
5830,97022,0040,05,03,A0,11,0DA0,A7BA,0,4652
5831,97038,0040,05,16,A0,11,0DAA,A7B9,0,4665
5832,97055,0040,05,03,AA,11,0DAA,A7B9,0,4665
5833,97072,0040,05,0E,00,04,0DAA,A7B9,0,4665
5834,97088,0040,05,03,B2,11,0DB2,A7B8,0,4677
5835,97105,0040,05,0E,03,04,0DB2,A7B8,0,4677
5836,97121,0040,05,03,B2,11,0DB2,A7B8,0,4677
5837,97138,0040,05,0E,00,04,0DBC,A7B7,0,4689
5838,97155,0040,05,03,BC,11,0DBC,A7B7,0,4689
5839,97171,0040,05,0E,00,04,0DBC,A7B7,0,4689
5840,97188,0040,05,03,C4,11,0DC4,A7B6,0,4700
5841,97205,0040,05,0E,03,04,0DC4,A7B6,0,4700
5842,97221,0040,05,03,C4,11,0DC4,A7B6,0,4700
5843,97238,0040,05,0E,00,04,0DCC,A7B5,0,4711
5844,97255,0040,05,03,CC,11,0DCC,A7B5,0,4711
5845,97271,0040,05,0E,00,04,0DCC,A7B5,0,4711
5846,97288,0040,05,03,D4,11,0DD4,A7B4,0,4722
5847,97305,0040,05,0E,00,04,0DD4,A7B4,0,4722
5848,97321,0040,05,03,D4,11,0DD4,A7B4,0,4722
5849,97338,0040,05,0E,00,04,0DDC,A7B3,0,4732
5850,97354,0040,05,03,DC,11,0DDC,A7B3,0,4732
5851,97371,0040,05,0E,00,04,0DDC,A7B3,0,4732
5852,97388,0040,05,03,E4,11,0DE4,A7B2,0,4742
5853,97404,0040,05,0E,00,04,0DE4,A7B2,0,4742
5854,97421,0040,05,03,E4,11,0DE4,A7B2,0,4742
5855,97438,0040,05,0E,00,04,0DEC,A7B1,0,4752
5856,97454,0040,05,03,EC,11,0DEC,A7B1,0,4752
5857,97471,0040,05,0E,00,04,0DEC,A7B1,0,4752
5858,97488,0040,05,03,F2,11,0DF2,A7B0,0,4761
5859,97504,0040,05,0E,03,04,0DF2,A7B0,0,4761
5860,97521,0040,05,03,F2,11,0DF2,A7B0,0,4761
5861,97537,0040,05,0E,00,04,0DF8,A7AF,0,4770
5862,97554,0040,05,03,F8,11,0DF8,A7AF,0,4770
5863,97571,0040,05,0E,00,04,0DF8,A7AF,0,4770
5864,97587,0040,05,03,00,12,0E00,A7AE,0,4779
5865,97604,0040,05,0E,00,04,0E00,A7AE,0,4779
5866,97621,0040,05,03,00,12,0E00,A7AE,0,4779
5867,97637,0040,05,03,00,12,0E06,A7AD,0,4788
5868,97654,0040,05,0E,00,04,0E06,A7AD,0,4788
5869,97671,0040,05,03,06,12,0E06,A7AD,0,4788
5870,97687,0040,05,0E,03,04,0E0C,A7AC,0,4796
5871,97704,0040,05,03,0C,12,0E0C,A7AC,0,4796
5872,97720,0040,05,0E,03,04,0E0C,A7AC,0,4796
5873,97737,0040,05,03,12,12,0E12,A7AB,0,4804
5874,97754,0040,05,0E,03,04,0E12,A7AB,0,4804
5875,97770,0040,05,03,12,12,0E12,A7AB,0,4804
5876,97787,0040,05,0E,03,04,0E18,A7AA,0,4812
5877,97804,0040,05,03,18,12,0E18,A7AA,0,4812
5878,97820,0040,05,0E,03,04,0E18,A7AA,0,4812
5879,97837,0040,05,03,1E,12,0E1E,A7A9,0,4820
5880,97854,0040,05,0E,03,04,0E1E,A7A9,0,4820
5881,97870,0040,05,03,1E,12,0E1E,A7A9,0,4820
5882,97887,0040,05,0E,03,04,0E24,A7A8,0,4827
5883,97904,0040,05,03,24,12,0E24,A7A8,0,4827
5884,97920,0040,05,0E,03,04,0E24,A7A8,0,4827
5885,97937,0040,05,03,2A,12,0E2A,A7A7,0,4835
5886,97953,0040,05,0E,00,04,0E2A,A7A7,0,4835
5887,97970,0040,05,03,2A,12,0E2A,A7A7,0,4835
5888,97987,0040,05,0E,03,04,0E30,A7A6,0,4843
5889,98003,0050,05,03,30,12,0E30,A7A6,0,4843
5890,98020,0050,05,03,30,12,0E30,A7A6,0,4843
5891,98037,0050,05,0E,00,04,08A2,A7A5,0,4880
5892,98053,0050,05,03,A2,0C,08A2,A7A5,0,4880
5893,98070,0050,05,0E,00,04,08A2,A7A5,0,4880
5894,98087,0050,05,03,B4,0C,08B4,A7A4,0,4917
5895,98103,0050,05,0E,03,04,08B4,A7A4,0,4917
5896,98120,0050,05,03,B4,0C,08B4,A7A4,0,4917
5897,98136,0050,05,0E,03,04,08C4,A7A3,0,4954
5898,98153,0050,05,03,C4,0C,08C4,A7A3,0,4954
5899,98170,0050,05,0E,03,04,08C4,A7A3,0,4954
5900,98186,0050,05,03,D4,0C,08D4,A7A2,0,4991
5901,98203,0050,05,0E,00,04,08D4,A7A2,0,4991
5902,98220,0050,05,03,D4,0C,08D4,A7A2,0,4991
5903,98236,0050,05,0E,03,04,08E4,A7A1,0,5027
5904,98253,0050,05,03,E4,0C,08E4,A7A1,0,5027
5905,98270,0050,05,0E,03,04,08E4,A7A1,0,5027
5906,98286,0050,05,03,F4,0C,08F4,A7A0,0,5062
5907,98303,0040,05,0E,00,04,08F4,A7A0,0,5062
5908,98320,0040,05,03,F4,0C,08F4,A7A0,0,5062
5909,98336,0040,05,0E,00,04,0904,A79F,0,5097
5910,98353,0040,05,03,04,0D,0904,A79F,0,5097
5911,98369,0040,05,0E,00,04,0904,A79F,0,5097
5912,98386,0040,05,03,14,0D,0914,A79E,0,5131
5913,98403,0040,05,0E,00,04,0914,A79E,0,5131
5914,98419,0040,05,03,14,0D,0914,A79E,0,5131
5915,98436,0040,05,0E,03,04,0924,A79D,0,5165
5916,98453,0040,05,03,24,0D,0924,A79D,0,5165
5917,98469,0040,05,0E,03,04,0924,A79D,0,5165
5918,98486,0040,05,03,32,0D,0932,A79C,0,5199
5919,98503,0040,05,0E,00,04,0932,A79C,0,5199
5920,98519,0040,05,03,32,0D,0932,A79C,0,5199
5921,98536,0040,05,0E,00,04,0942,A79B,0,5233
5922,98552,0040,05,03,42,0D,0942,A79B,0,5233
5923,98569,0040,05,0E,00,04,0942,A79B,0,5233
5924,98586,0040,05,03,52,0D,0952,A79A,0,5266
5925,98602,0040,05,0E,00,04,0952,A79A,0,5266
5926,98619,0040,05,03,52,0D,0952,A79A,0,5266
5927,98636,0040,05,0E,00,04,0960,A799,0,5299
5928,98652,0040,05,03,60,0D,0960,A799,0,5299
5929,98669,0040,05,0E,00,04,0960,A799,0,5299
5930,98686,0040,05,03,6E,0D,096E,A798,0,5331
5931,98702,0040,05,0E,00,04,096E,A798,0,5331
5932,98719,0040,05,03,6E,0D,096E,A798,0,5331
5933,98735,0040,05,0E,03,04,097E,A797,0,5363
5934,98752,0040,05,03,7E,0D,097E,A797,0,5363
5935,98769,0040,05,0E,03,04,097E,A797,0,5363
5936,98785,0040,05,03,8C,0D,098C,A796,0,5394
5937,98802,0040,05,0E,00,04,098C,A796,0,5394
5938,98819,0040,05,03,8C,0D,098C,A796,0,5394
5939,98835,0040,05,0E,00,04,099A,A795,0,5425
5940,98852,0040,05,03,9A,0D,099A,A795,0,5425
5941,98869,0040,05,0E,00,04,099A,A795,0,5425
5942,98885,0040,05,03,A8,0D,09A8,A794,0,5456
5943,98902,0040,05,0E,03,04,09A8,A794,0,5456
5944,98919,0040,05,03,A8,0D,09A8,A794,0,5456
5945,98935,0040,05,0E,00,04,09B6,A793,0,5487
5946,98952,0040,05,03,B6,0D,09B6,A793,0,5487
5947,98968,0040,05,0E,00,04,09B6,A793,0,5487
5948,98985,0040,05,03,C2,0D,09C2,A792,0,5517
5949,99002,0040,05,0E,03,04,09C2,A792,0,5517
5950,99018,0040,05,03,C2,0D,09C2,A792,0,5517
5951,99035,0040,05,0E,03,04,09D0,A791,0,5547
5952,99052,0040,05,03,D0,0D,09D0,A791,0,5547
5953,99068,0040,05,0E,03,04,09D0,A791,0,5547
5954,99085,0040,05,03,DE,0D,09DE,A790,0,5576
5955,99102,0040,05,0E,00,04,09DE,A790,0,5576
5956,99118,0040,05,03,DE,0D,09DE,A790,0,5576
5957,99135,0040,05,0E,03,04,09EA,A78F,0,5605
5958,99151,0040,05,03,EA,0D,09EA,A78F,0,5605
5959,99168,0040,05,0E,03,04,09EA,A78F,0,5605
5960,99185,0040,05,03,F8,0D,09F8,A78E,0,5633
5961,99201,0040,05,0E,03,04,09F8,A78E,0,5633
5962,99218,0040,05,03,F8,0D,09F8,A78E,0,5633
5963,99235,0040,05,0E,00,04,0A04,A78D,0,5661
5964,99251,0040,05,03,04,0E,0A04,A78D,0,5661
5965,99268,0040,05,0E,00,04,0A04,A78D,0,5661
5966,99285,0040,05,03,12,0E,0A12,A78C,0,5690
5967,99301,0040,05,0E,03,04,0A12,A78C,0,5690
5968,99318,0040,05,03,12,0E,0A12,A78C,0,5690
5969,99334,0040,05,0E,00,04,0A1E,A78B,0,5718
5970,99351,0040,05,03,1E,0E,0A1E,A78B,0,5718
5971,99368,0040,05,0E,00,04,0A1E,A78B,0,5718
5972,99384,0040,05,03,2A,0E,0A2A,A78A,0,5746
5973,99401,0040,05,0E,03,04,0A2A,A78A,0,5746
5974,99418,0040,05,03,2A,0E,0A2A,A78A,0,5746
5975,99434,0040,05,0E,00,04,0A36,A789,0,5773
5976,99451,0040,05,03,36,0E,0A36,A789,0,5773
5977,99468,0040,05,0E,00,04,0A36,A789,0,5773
5978,99484,0040,05,03,44,0E,0A44,A788,0,5800
5979,99501,0040,05,0E,03,04,0A44,A788,0,5800
5980,99518,0040,05,03,44,0E,0A44,A788,0,5800
5981,99534,0040,05,0E,00,04,0A4E,A787,0,5826
5982,99551,0040,05,03,4E,0E,0A4E,A787,0,5826
5983,99567,0040,05,0E,00,04,0A4E,A787,0,5826
5984,99584,0040,05,03,5A,0E,0A5A,A786,0,5852
5985,99601,0040,05,0E,00,04,0A5A,A786,0,5852
5986,99617,0040,05,03,5A,0E,0A5A,A786,0,5852
5987,99634,0040,05,0E,03,04,0A66,A785,0,5878
5988,99651,0040,05,0E,03,04,0A66,A785,0,5878
5989,99667,0040,05,03,66,0E,0A66,A785,0,5878
5990,99684,0040,05,0E,00,04,0A72,A784,0,5903
5991,99701,0040,05,03,72,0E,0A72,A784,0,5903
5992,99717,0040,05,0E,00,04,0A72,A784,0,5903
5993,99734,0040,05,03,7E,0E,0A7E,A783,0,5928
5994,99750,0040,05,0E,00,04,0A7E,A783,0,5928
5995,99767,0040,05,03,7E,0E,0A7E,A783,0,5928
5996,99784,0040,05,0E,03,04,0A88,A782,0,5953
5997,99800,0040,05,03,88,0E,0A88,A782,0,5953
5998,99817,0040,05,0E,03,04,0A88,A782,0,5953
5999,99834,0040,05,03,94,0E,0A94,A781,0,5978
6000,99850,0040,05,0E,03,04,0A94,A781,0,5978
6001,99867,0040,05,03,94,0E,0A94,A781,0,5978
6002,99884,0040,05,0E,00,04,0AA0,A780,0,6003
6003,99900,0040,05,03,A0,0E,0AA0,A780,0,6003
6004,99917,0040,05,0E,00,04,0AA0,A780,0,6003
6005,99934,0040,05,03,AA,0E,0AAA,A77F,0,6027
6006,99950,0040,05,0E,00,04,0AAA,A77F,0,6027
6007,99967,0040,05,03,AA,0E,0AAA,A77F,0,6027
6008,99983,0040,05,0E,00,04,0AB4,A77E,0,6051
6009,100000,0040,05,03,B4,0E,0AB4,A77E,0,6051
6010,100017,0040,05,0E,00,04,0AB4,A77E,0,6051
6011,100033,0040,05,0E,00,04,0AC0,A77D,0,6074
6012,100050,0040,05,03,C0,0E,0AC0,A77D,0,6074
6013,100067,0040,05,0E,00,04,0AC0,A77D,0,6074
6014,100083,0040,05,03,CA,0E,0ACA,A77C,0,6097
6015,100100,0040,05,0E,00,04,0ACA,A77C,0,6097
6016,100117,0040,05,03,CA,0E,0ACA,A77C,0,6097
6017,100133,0040,05,0E,00,04,0AD4,A77B,0,6120
6018,100150,0040,05,03,D4,0E,0AD4,A77B,0,6120
6019,100166,0040,05,0E,00,04,0AD4,A77B,0,6120
6020,100183,0040,05,03,DE,0E,0ADE,A77A,0,6142
6021,100200,0040,05,0E,03,04,0ADE,A77A,0,6142
6022,100216,0040,05,03,DE,0E,0ADE,A77A,0,6142
6023,100233,0040,05,0E,00,04,0AE8,A779,0,6164
6024,100250,0040,05,03,E8,0E,0AE8,A779,0,6164
6025,100266,0040,05,0E,00,04,0AE8,A779,0,6164
6026,100283,0040,05,03,F2,0E,0AF2,A778,0,6186
6027,100300,0040,05,0E,00,04,0AF2,A778,0,6186
6028,100316,0040,05,03,F2,0E,0AF2,A778,0,6186
6029,100333,0040,05,0E,00,04,0AFC,A777,0,6207
6030,100349,0040,05,03,FC,0E,0AFC,A777,0,6207
6031,100366,0040,05,0E,00,04,0AFC,A777,0,6207
6032,100383,0040,05,03,06,0F,0B06,A776,0,6228
6033,100399,0040,05,0E,00,04,0B06,A776,0,6228
6034,100416,0040,05,03,06,0F,0B06,A776,0,6228
6035,100433,0040,05,0E,03,04,0B0E,A775,0,6249
6036,100449,0040,05,03,0E,0F,0B0E,A775,0,6249
6037,100466,0040,05,0E,03,04,0B0E,A775,0,6249
6038,100483,0040,05,03,18,0F,0B18,A774,0,6269
6039,100499,0040,05,0E,03,04,0B18,A774,0,6269
6040,100516,0040,05,03,18,0F,0B18,A774,0,6269
6041,100533,0040,05,0E,00,04,0B20,A773,0,6289
6042,100549,0040,05,03,20,0F,0B20,A773,0,6289
6043,100566,0040,05,0E,00,04,0B20,A773,0,6289
6044,100582,0040,05,03,2A,0F,0B2A,A772,0,6309
6045,100599,0040,05,0E,00,04,0B2A,A772,0,6309
6046,100616,0040,05,03,2A,0F,0B2A,A772,0,6309
6047,100632,0040,05,0E,03,04,0B32,A771,0,6328
6048,100649,0040,05,03,32,0F,0B32,A771,0,6328
6049,100666,0040,05,0E,03,04,0B32,A771,0,6328
6050,100682,0040,05,03,3A,0F,0B3A,A770,0,6347
6051,100699,0040,05,0E,03,04,0B3A,A770,0,6347
6052,100716,0040,05,03,3A,0F,0B3A,A770,0,6347
6053,100732,0040,05,0E,00,04,0B44,A76F,0,6366
6054,100749,0040,05,03,44,0F,0B44,A76F,0,6366
6055,100765,0040,05,0E,00,04,0B44,A76F,0,6366
6056,100782,0040,05,03,4C,0F,0B4C,A76E,0,6385
6057,100799,0040,05,0E,03,04,0B4C,A76E,0,6385
6058,100815,0040,05,03,4C,0F,0B4C,A76E,0,6385
6059,100832,0040,05,0E,00,04,0B54,A76D,0,6403
6060,100849,0040,05,03,54,0F,0B54,A76D,0,6403
6061,100865,0040,05,0E,00,04,0B54,A76D,0,6403
6062,100882,0040,05,03,5C,0F,0B5C,A76C,0,6421
6063,100899,0040,05,0E,00,04,0B5C,A76C,0,6421
6064,100915,0040,05,03,5C,0F,0B5C,A76C,0,6421
6065,100932,0040,05,0E,00,04,0B64,A76B,0,6439
6066,100949,0040,05,03,64,0F,0B64,A76B,0,6439
6067,100965,0040,05,0E,00,04,0B64,A76B,0,6439
6068,100982,0040,05,03,6C,0F,0B6C,A76A,0,6457
6069,100998,0040,05,0E,03,04,0B6C,A76A,0,6457
6070,101015,0140,05,03,6C,0F,0B6C,A76A,0,6457
6071,101032,0140,05,0E,00,04,0B74,A769,0,6475
6072,101048,0140,05,03,74,0F,0B74,A769,0,6475
6073,101065,0140,05,0E,00,04,0B74,A769,0,6475
6074,101082,0140,05,03,7E,0F,0B7E,A768,0,6493
6075,101098,0140,05,0E,03,04,0B7E,A768,0,6493
6076,101115,0140,05,03,7E,0F,0B7E,A768,0,6493
6077,101132,0140,05,0E,00,04,0B86,A767,0,6511
6078,101148,0140,05,03,86,0F,0B86,A767,0,6511
6079,101165,0140,05,0E,00,04,0B86,A767,0,6511
6080,101181,0140,05,03,8E,0F,0B8E,A766,0,6528
6081,101198,0140,05,0E,00,04,0B8E,A766,0,6528
6082,101215,0140,05,03,8E,0F,0B8E,A766,0,6528
6083,101231,0140,05,0E,03,04,0B94,A765,0,6545
6084,101248,0140,05,03,94,0F,0B94,A765,0,6545
6085,101265,0140,05,0E,03,04,0B94,A765,0,6545
6086,101281,0140,05,0E,03,04,0B9C,A764,0,6562
6087,101298,0140,05,03,9C,0F,0B9C,A764,0,6562
6088,101315,0140,05,0E,03,04,0B9C,A764,0,6562
6089,101331,0140,05,03,A4,0F,0BA4,A763,0,6578
6090,101348,0140,05,0E,00,04,0BA4,A763,0,6578
6091,101364,0140,05,03,A4,0F,0BA4,A763,0,6578
6092,101381,0140,05,0E,03,04,0BAA,A762,0,6594
6093,101398,0140,05,03,AA,0F,0BAA,A762,0,6594
6094,101414,0140,05,0E,03,04,0BAA,A762,0,6594
6095,101431,0140,05,03,B2,0F,0BB2,A761,0,6610
6096,101448,0140,05,0E,00,04,0BB2,A761,0,6610
6097,101464,0140,05,03,B2,0F,0BB2,A761,0,6610
6098,101481,0140,05,0E,03,04,0BBA,A760,0,6626
6099,101498,0140,05,03,BA,0F,0BBA,A760,0,6626
6100,101514,0140,05,0E,03,04,0BBA,A760,0,6626
6101,101531,0140,05,03,C0,0F,0BC0,A75F,0,6641
6102,101548,0140,05,0E,00,04,0BC0,A75F,0,6641
6103,101564,0140,05,03,C0,0F,0BC0,A75F,0,6641
6104,101581,0140,05,0E,03,04,0BC8,A75E,0,6656
6105,101597,0140,05,03,C8,0F,0BC8,A75E,0,6656
6106,101614,0140,05,0E,03,04,0BC8,A75E,0,6656
6107,101631,0140,05,03,CE,0F,0BCE,A75D,0,6515
6108,101647,0140,05,0E,00,04,0BCE,A75D,0,6515
6109,101664,0140,05,0E,00,04,0BCE,A75D,0,6515
6110,101681,0140,05,03,8E,0F,0B8E,A75C,0,6379
6111,101697,0140,05,0E,03,04,0B8E,A75C,0,6379
6112,101714,0140,05,03,8E,0F,0B8E,A75C,0,6379
6113,101731,0140,05,0E,00,04,0B52,A75B,0,6248
6114,101747,0140,05,03,52,0F,0B52,A75B,0,6248
6115,101764,0140,05,0E,00,04,0B52,A75B,0,6248
6116,101780,0140,05,03,18,0F,0B18,A75A,0,6122
6117,101797,0140,05,0E,00,04,0B18,A75A,0,6122
6118,101814,0140,05,03,18,0F,0B18,A75A,0,6122
6119,101830,0140,05,0E,03,04,0ADE,A759,0,6000
6120,101847,0140,05,03,DE,0E,0ADE,A759,0,6000
6121,101864,0140,05,0E,03,04,0ADE,A759,0,6000
6122,101880,0140,05,03,A8,0E,0AA8,A758,0,5882
6123,101897,0140,05,0E,00,04,0AA8,A758,0,5882
6124,101914,0140,05,03,A8,0E,0AA8,A758,0,5882
6125,101930,0140,05,0E,03,04,0A74,A757,0,5768
6126,101947,0140,05,03,74,0E,0A74,A757,0,5768
6127,101964,0140,05,0E,03,04,0A74,A757,0,5768
6128,101980,0140,05,03,40,0E,0A40,A756,0,5659
6129,101997,0140,05,0E,03,04,0A40,A756,0,5659
6130,102013,0140,05,03,40,0E,0A40,A756,0,5659
6131,102030,0140,05,0E,00,04,0A10,A755,0,5553
6132,102047,0140,05,03,10,0E,0A10,A755,0,5553
6133,102063,0140,05,0E,00,04,0A10,A755,0,5553
6134,102080,0140,05,03,E0,0D,09E0,A754,0,5451
6135,102097,0140,05,0E,00,04,09E0,A754,0,5451
6136,102113,0140,05,03,E0,0D,09E0,A754,0,5451
6137,102130,0140,05,0E,00,04,09B2,A753,0,5353
6138,102147,0140,05,03,B2,0D,09B2,A753,0,5353
6139,102163,0140,05,0E,00,04,09B2,A753,0,5353
6140,102180,0140,05,03,86,0D,0986,A752,0,5257
6141,102196,0140,05,0E,03,04,0986,A752,0,5257
6142,102213,0140,05,03,86,0D,0986,A752,0,5257
6143,102230,0140,05,0E,03,04,095C,A751,0,5166
6144,102246,0140,05,03,5C,0D,095C,A751,0,5166
6145,102263,0140,05,0E,03,04,095C,A751,0,5166
6146,102280,0140,05,03,32,0D,0932,A750,0,5078
6147,102296,0140,05,0E,03,04,0932,A750,0,5078
6148,102313,0140,05,0A,03,04,0932,A750,0,5078
6149,102330,0140,05,0E,03,04,090C,A74F,0,4993
6150,102346,0140,05,03,0C,0D,090C,A74F,0,4993
6151,102363,0140,05,0E,03,04,090C,A74F,0,4993
6152,102379,0140,05,03,E6,0C,08E6,A74E,0,4911
6153,102396,0140,05,0E,03,04,08E6,A74E,0,4911
6154,102413,0140,05,03,E6,0C,08E6,A74E,0,4911
6155,102429,0140,05,0E,03,04,08C0,A74D,0,4832
6156,102446,0140,05,0A,03,04,08C0,A74D,0,4832
6157,102463,0140,05,0E,03,04,08C0,A74D,0,4832
6158,102479,0140,05,03,9E,0C,089E,A74C,0,4755
6159,102496,0140,05,0E,03,04,089E,A74C,0,4755
6160,102513,0040,05,03,9E,0C,089E,A74C,0,4755
6161,102529,0040,05,0E,00,04,087A,A74B,0,4681
6162,102546,0040,05,03,7A,0C,087A,A74B,0,4681
6163,102563,0040,05,0E,00,04,087A,A74B,0,4681
6164,102579,0040,05,03,5A,0C,085A,A74A,0,4610
6165,102596,0040,05,0E,00,04,085A,A74A,0,4610
6166,102612,0040,05,03,5A,0C,085A,A74A,0,4610
6167,102629,0040,05,0E,00,04,083A,A749,0,4541
6168,102646,0040,05,03,3A,0C,083A,A749,0,4541
6169,102662,0040,05,0E,00,04,083A,A749,0,4541
6170,102679,0040,05,03,1A,0C,081A,A748,0,4474
6171,102696,0040,05,0E,03,04,081A,A748,0,4474
6172,102712,0040,05,03,1A,0C,081A,A748,0,4474
6173,102729,0040,05,0E,03,04,07FC,A747,0,4410
6174,102746,0040,05,03,FC,0B,07FC,A747,0,4410
6175,102762,0040,05,0E,03,04,07FC,A747,0,4410
6176,102779,0040,05,03,E0,0B,07E0,A746,0,4348
6177,102795,0040,05,0E,03,04,07E0,A746,0,4348
6178,102812,0040,05,03,E0,0B,07E0,A746,0,4348
6179,102829,0040,05,0E,03,04,07C4,A745,0,4288
6180,102845,0040,05,03,C4,0B,07C4,A745,0,4288
6181,102862,0040,05,0E,03,04,07C4,A745,0,4288
6182,102879,0040,05,03,AA,0B,07AA,A744,0,4230
6183,102895,0040,05,0E,03,04,07AA,A744,0,4230
6184,102912,0040,05,0E,03,04,07AA,A744,0,4230
6185,102929,0040,05,03,90,0B,0790,A743,0,4174
6186,102945,0040,05,0E,03,04,0790,A743,0,4174
6187,102962,0040,05,03,90,0B,0790,A743,0,4174
6188,102978,0040,05,0E,03,04,0776,A742,0,4121
6189,102995,0040,05,03,76,0B,0776,A742,0,4121
6190,103012,0040,05,0E,03,04,0776,A742,0,4121
6191,103028,0040,05,03,60,0B,0760,A741,0,4070
6192,103045,0040,05,0E,00,04,0760,A741,0,4070
6193,103062,0040,05,03,60,0B,0760,A741,0,4070
6194,103078,0040,05,0E,03,04,0748,A740,0,4021
6195,103095,0040,05,03,48,0B,0748,A740,0,4021
6196,103112,0040,05,0E,03,04,0748,A740,0,4021
6197,103128,0040,05,03,32,0B,0732,A73F,0,3973
6198,103145,0040,05,0E,00,04,0732,A73F,0,3973
6199,103162,0040,05,03,32,0B,0732,A73F,0,3973
6200,103178,0040,05,0E,03,04,071E,A73E,0,3927
6201,103195,0040,05,03,1E,0B,071E,A73E,0,3927
6202,103211,0040,05,0E,03,04,071E,A73E,0,3927
6203,103228,0040,05,03,08,0B,0708,A73D,0,3883
6204,103245,0040,05,0E,00,04,0708,A73D,0,3883
6205,103261,0040,05,03,08,0B,0708,A73D,0,3883
6206,103278,0040,05,0E,03,04,06F4,A73C,0,3840
6207,103295,0040,05,0E,03,04,06F4,A73C,0,3840
6208,103311,0040,05,03,F4,0A,06F4,A73C,0,3840
6209,103328,0040,05,0E,00,04,06E2,A73B,0,3798
6210,103345,0040,05,03,E2,0A,06E2,A73B,0,3798
6211,103361,0040,05,0E,00,04,06E2,A73B,0,3798
6212,103378,0040,05,03,CE,0A,06CE,A73A,0,3758
6213,103394,0040,05,0E,00,04,06CE,A73A,0,3758
6214,103411,0040,05,03,CE,0A,06CE,A73A,0,3758
6215,103428,0040,05,0E,03,04,06BC,A739,0,3719
6216,103444,0040,05,03,BC,0A,06BC,A739,0,3719
6217,103461,0040,05,0E,03,04,06BC,A739,0,3719
6218,103478,0040,05,03,AC,0A,06AC,A738,0,3682
6219,103494,0040,05,0E,00,04,06AC,A738,0,3682
6220,103511,0040,05,03,AC,0A,06AC,A738,0,3682
6221,103528,0040,05,0E,00,04,069A,A737,0,3647
6222,103544,0040,05,03,9A,0A,069A,A737,0,3647
6223,103561,0040,05,0E,00,04,069A,A737,0,3647
6224,103578,0040,05,03,8C,0A,068C,A736,0,3613
6225,103594,0040,05,0E,03,04,068C,A736,0,3613
6226,103611,0040,05,03,8C,0A,068C,A736,0,3613
6227,103627,0040,05,0E,00,04,067C,A735,0,3581
6228,103644,0040,05,03,7C,0A,067C,A735,0,3581
6229,103661,0040,05,0E,00,04,067C,A735,0,3581
6230,103677,0040,05,0E,00,04,066E,A734,0,3548
6231,103694,0040,05,03,6E,0A,066E,A734,0,3548
6232,103711,0040,05,0E,00,04,066E,A734,0,3548
6233,103727,0040,05,03,5E,0A,065E,A733,0,3517
6234,103744,0040,05,0E,03,04,065E,A733,0,3517
6235,103761,0040,05,03,5E,0A,065E,A733,0,3517
6236,103777,0040,05,0E,00,04,0650,A732,0,3487
6237,103794,0040,05,03,50,0A,0650,A732,0,3487
6238,103810,0040,05,0E,00,04,0650,A732,0,3487
6239,103827,0040,05,03,44,0A,0644,A731,0,3459
6240,103844,0040,05,0E,03,04,0644,A731,0,3459
6241,103860,0040,05,03,44,0A,0644,A731,0,3459
6242,103877,0040,05,0E,03,04,0636,A730,0,3431
6243,103894,0040,05,03,36,0A,0636,A730,0,3431
6244,103910,0040,05,0E,03,04,0636,A730,0,3431
6245,103927,0040,05,03,2A,0A,062A,A72F,0,3405
6246,103944,0040,05,0E,00,04,062A,A72F,0,3405
6247,103960,0040,05,03,2A,0A,062A,A72F,0,3405
6248,103977,0040,05,0E,03,04,061E,A72E,0,3379
6249,103993,0040,05,03,1E,0A,061E,A72E,0,3379
6250,104010,0040,05,0E,03,04,061E,A72E,0,3379
6251,104027,0040,05,03,14,0A,0614,A72D,0,3354
6252,104043,0040,05,0E,03,04,0614,A72D,0,3354
6253,104060,0040,05,03,14,0A,0614,A72D,0,3354
6254,104077,0040,05,0E,00,04,0608,A72C,0,3330
6255,104093,0040,05,03,08,0A,0608,A72C,0,3330
6256,104110,0040,05,0E,00,04,0608,A72C,0,3330
6257,104127,0040,05,03,FC,09,05FC,A72B,0,3306
6258,104143,0040,05,0E,03,04,05FC,A72B,0,3306
6259,104160,0040,05,03,FC,09,05FC,A72B,0,3306
6260,104177,0040,05,0E,00,04,05F2,A72A,0,3284
6261,104193,0040,05,03,F2,09,05F2,A72A,0,3284
6262,104210,0040,05,0E,00,04,05F2,A72A,0,3284
6263,104226,0040,05,03,E8,09,05E8,A729,0,3262
6264,104243,0040,05,0E,00,04,05E8,A729,0,3262
6265,104260,0040,05,03,E8,09,05E8,A729,0,3262
6266,104276,0040,05,0E,03,04,05DE,A728,0,3241
6267,104293,0040,05,03,DE,09,05DE,A728,0,3241
6268,104310,0040,05,0E,03,04,05DE,A728,0,3241
6269,104326,0040,05,03,D6,09,05D6,A727,0,3221
6270,104343,0040,05,0E,00,04,05D6,A727,0,3221
6271,104360,0040,05,03,D6,09,05D6,A727,0,3221
6272,104376,0040,05,0E,00,04,05CC,A726,0,3202
6273,104393,0040,05,03,CC,09,05CC,A726,0,3202
6274,104409,0040,05,0E,00,04,05CC,A726,0,3202
6275,104426,0040,05,03,C4,09,05C4,A725,0,3183
6276,104443,0040,05,0E,03,04,05C4,A725,0,3183
6277,104459,0040,05,03,C4,09,05C4,A725,0,3183
6278,104476,0040,05,0E,00,04,05BC,A724,0,3165
6279,104493,0040,05,03,BC,09,05BC,A724,0,3165
6280,104509,0040,05,0E,00,04,05BC,A724,0,3165
6281,104526,0040,05,03,B4,09,05B4,A723,0,3148
6282,104543,0040,05,0E,00,04,05B4,A723,0,3148
6283,104559,0040,05,03,B4,09,05B4,A723,0,3148
6284,104576,0040,05,0E,03,04,05AC,A722,0,3131
6285,104593,0040,05,03,AC,09,05AC,A722,0,3131
6286,104609,0040,05,0E,03,04,05AC,A722,0,3131
6287,104626,0040,05,03,A4,09,05A4,A721,0,3115
6288,104642,0040,05,0E,03,04,05A4,A721,0,3115
6289,104659,0040,05,03,A4,09,05A4,A721,0,3115
6290,104676,0040,05,0E,03,04,059E,A720,0,3100
6291,104692,0040,05,03,9E,09,059E,A720,0,3100
6292,104709,0040,05,0E,03,04,059E,A720,0,3100
6293,104726,0040,05,03,96,09,0596,A71F,0,3084
6294,104742,0040,05,0E,03,04,0596,A71F,0,3084
6295,104759,0040,05,03,96,09,0596,A71F,0,3084
6296,104776,0040,05,0E,03,04,058E,A71E,0,3069
6297,104792,0040,05,03,8E,09,058E,A71E,0,3069
6298,104809,0040,05,0E,03,04,058E,A71E,0,3069
6299,104825,0040,05,03,88,09,0588,A71D,0,3054
6300,104842,0040,05,0E,03,04,0588,A71D,0,3054
6301,104859,0040,05,03,88,09,0588,A71D,0,3054
6302,104875,0040,05,0E,00,04,0582,A71C,0,3040
6303,104892,0040,05,03,82,09,0582,A71C,0,3040
6304,104909,0040,05,0E,00,04,0582,A71C,0,3040
6305,104925,0040,05,0E,00,04,057C,A71B,0,3027
6306,104942,0040,05,03,7C,09,057C,A71B,0,3027
6307,104959,0040,05,0E,00,04,057C,A71B,0,3027
6308,104975,0040,05,03,76,09,0576,A71A,0,3014
6309,104992,0040,05,0E,00,04,0576,A71A,0,3014
